Aada,40,
Aadam,,21
Aade,52,4
Aadi,,72
Aado,,114
Aadu,,278
Aale,40,
Aalo,4,19
Aap,,30
Aapo,,26
Aare,11,2265
Aaren,,7
Aari,30,10
Aarne,,803
Aaro,,88
Aaron,,261
Aasa,133,
Aave,56,4
Aavi,4,4
Aavo,,774
Abigail,10,
Ada,145,
Adam,,89
Ade,46,
Adeele,300,
Adel,36,4
Adelaida,9,
Adele,312,
Adeli,10,
Adeliina,15,
Adelina,217,
Adeline,7,
Adell,5,
Adi,4,8
Adil,,10
Ado,,152
Adolf,,79
Adrian,,262
Adriana,145,
Adrianna,8,
Adriano,,5
Adu,,38
Aeliita,6,
Aelita,14,
Aet,275,
Agaate,6,
Agata,72,
Agathe,23,
Age,389,
Agi,7,4
Aglaia,7,
Agle,15,
Agne,206,
Agnes,1054,
Agnesa,10,
Agnese,20,
Agnessa,97,
Agneta,28,
Agnete,9,
Agni,17,
Agnieszka,5,
Agnija,14,
Ago,,720
Agor,,30
Agris,6,70
Agu,,440
Agur,,123
Ahmad,,7
Ahmed,,15
Ahmet,,9
Ahti,,798
Ahto,,809
Aida,79,
Aigi,177,
Aia,7,
Aida,79,
Aidan,4,5
Aidar,,11
Aide,123,
Aidi,51,4
Aido,,14
Aigar,,470
Aige,5,
Aigi,177,
Aigjun,5,
Aigo,,29
Aigor,,19
Aigul,5,
Aija,32,
Aike,8,
Aiki,143,6
Aiko,4,35
Aila,39,
Ailar,,68
Aile,225,
Ailen,55,
Ailer,,9
Aili,2060,
Ailin,5,
Ailo,4,12
Aima,27,
Aimar,,666
Aime,2014,
Aimer,,10
Aimi,188,
Aimo,4,14
Aimur,,98
Ain,,2192
Aina,182,
Ainar,,320
Aine,7,
Ainer,,17
Aini,64,
Ainika,26,
Ainike,5,
Ainiki,7,
Ainis,,5
Aino,3174,
Ainura,5,
Aira,141,
Aire,717,
Aires,4,12
Airet,4,16
Airi,707,4
Airiin,36,
Airik,,5
Airika,73,
Airike,17,
Airin,18,
Airis,40,5
Airit,7,4
Airo,,26
Airon,,59
Aisel,7,
Aisha,9,
Aita,631,
Aiti,6,4
Aivar,,4318
Aivars,,38
Aive,564,4
Aiver,,11
Aivi,446,
Aivis,,10
Aivo,,1441
Akim,,49
Ako,,54
Aksa,8,
Aksana,52,
Aksel,,503
Aku,,6
Ala,18,
Alain,,36
Alan,,318
Alar,,1708
Alari,,642
Alarich,,5
Albert,,932
Alberto,,35
Albina,342,
Alda,10,
Aldar,,13
Alder,,21
Aldin,,8
Aldis,,36
Aldo,,202
Aldona,32,
Aldrin,,5
Aldur,,90
Ale,4,5
Alec,,7
Aleftina,132,
Alejandro,,20
Alek,,17
Aleks,,544
Aleksa,32,
Aleksandar,,7
Aleksander,,3522
Aleksandr,,12299
Aleksandra,3582,
Aleksandras,,7
Aleksandrs,,107
Aleksei,,6783
Aleksej,,16
Aleksejs,,42
Aleksey,,108
Aleksi,,19
Aleksia,18,
Aleksis,,10
Alen,,37
Alena,155,
Alesia,9,
Alesja,268,
Alessandra,32,
Alessandro,,48
Alessia,13,
Alesya,15,
Alev,,5
Alevtina,525,
Alex,4,627
Alexander,,4334
Alexandr,,49
Alexandra,610,
Alexandre,,77
Alexandru,,9
Alexei,,45
Alexey,,1517
Alexia,19,
Alexis,5,8
Alfi,4,5
Alfija,5,
Alfred,,295
Algar,,8
Alge,19,
Alger,,42
Algi,32,4
Algimantas,,15
Algis,,109
Ali,6,53
Alia,21,
Aliaksei,,10
Alic,7,
Alica,6,
Alice,400,
Alicia,50,
Alida,31,
Alie,5,
Aliide,107,
Aliina,38,
Aliine,5,
Aliis,102,
Aliisa,19,
Aliise,49,
Alija,16,
Alik,,61
Alika,39,
Alina,2003,
Aline,11,
Aliona,5,
Alis,18,
Alisa,863,
Alise,45,
Alisha,5,
Alisher,,5
Alisia,68,
Alisija,12,
Alison,6,
Alissa,262,
Aliya,18,
Alja,62,4
Alje,26,
Aljona,1152,
Alla,2074,
Allan,,1643
Allar,,632
Alle,10,4
Allen,4,25
Aller,,12
Alli,225,
Alliki,21,
Allu,,5
Allvar,,6
Ally,14,
Alma,171,
Almar,,37
Almer,,20
Almi,8,
Alo,,551
Alois,,9
Alon,,8
Alona,13,
Alondra,30,
Alsu,18,
Alvar,,602
Alvaro,,19
Alver,,61
Alvi,87,7
Alviine,25,
Alvin,4,53
Alvina,86,
Alvine,31,
Alvo,,6
Alya,7,
Alyona,38,
Amalia,67,
Amalie,8,
Amanda,141,
Amar,,9
Ameelia,7,
Amelia,229,
Amelie,20,
Amelija,15,
Ami,15,
Amina,70,
Amir,,52
Amira,33,
Amiran,,11
Amor,,17
Amy,12,
Angelika,448,
Anna,8500,
Ana,63,
Anabel,55,
Anabell,12,
Anait,9,
Anand,,5
Anar,6,50
Anari,20,18
Anastacia,8,
Anastasia,1928,
Anastasiia,167,
Anastasija,587,
Anastasiya,89,
Anastassia,2073,
Anastassija,576,
Anatoli,,2659
Anatoliy,,78
Anatoly,,1304
Anda,7,
Ande,46,4
Ander,,308
Andera,4,4
Andero,,397
Anders,,132
Andi,,255
Ando,,384
Andra,684,4
Andra-Liis,11,
Andras,,12
Andre,4,1204
Andrea,149,63
Andrean,,12
Andreana,7,
Andreas,,1241
Andree,,73
Andrei,,7585
Andrej,,42
Andrejs,,84
Andrek,,13
Andren,,9
Andres,,6650
Andrew,,26
Andrey,,1602
Andri,,606
Andriana,15,
Andria,4,6
Andrian,,50
Andriana,15,
Andrias,,85
Andrii,,199
Andris,,233
Andrius,,26
Andriy,,56
Andro,,262
Andrus,,3258
Andry,,136
András,,5
André,,26
Andu,,68
Andy,,29
Andžei,,13
Andželika,36,
Ane,21,
Anel,7,
Aneli,12,
Anelia,8,
Anell,14,
Anella,23,
Anelle,64,
Anet,84,
Aneta,41,
Anete,413,
Aneth,13,
Anett,404,
Anetta,27,
Anette,612,
Anette Maria,8,
Anette-Liis,5,
Anfisa,54,
Anfissa,57,
Ange,19,
Angeelika,145,
Angel,4,21
Angela,790,
Angele,5,
Angeli,15,
Angelia,6,
Angelica,82,
Angeliina,41,
Angelika,448,
Angelina,882,
Angelo,,10
Angely,7,
Angus,,7
Ani,14,
Aniita,30,
Anika,18,
Anil,,6
Anisja,10,
Anita,633,
Anitra,9,
Anja,24,
Anjuta,7,
Anke,7,
Anli,7,
Ann,372,
Ann-Kristin,7,
Ann-Liis,6,
Ann-Mari,7,
Ann-Marii,26,
Anna,8500,
Anna Grete,7,
Anna Leena,7,
Anna Liisa,27,
Anna Maria,103,
Anna Marie,20,
Anna-Britt,6,
Anna-Grete,10,
Anna-Helena,7,
Anna-Kaisa,18,
Anna-Laura,5,
Anna-Leena,6,
Anna-Lena,6,
Anna-Liina,14,
Anna-Liis,45,
Anna-Liisa,403,
Anna-Ly,5,
Anna-Mari,18,
Anna-Maria,286,
Anna-Marie,17,
Anna-Marija,14,
Anna-Stiina,7,
Anna-Stina,11,
Anna-Kaisa,18,
Anna-Liina,14,
Anna-Liis,45,
Anna-Liisa,403,
Anna-Maria,286,
Annabel,833,
Annabell,62,
Annabella,14,
Annabrit,6,
Annagreta,6,
Annaliina,6,
Annaliis,47,
Annaliisa,198,
Annaliise,7,
Annaly,5,
Annamari,8,
Annamaria,16,
Anne,5201,4
Anne Liis,5,
Anne Mai,10,
Anne-Grete,8,
Anne-Katrin,8,
Anne-Lii,64,
Anne-Liia,5,
Anne-Liis,166,
Anne-Liisa,11,
Anne-Liise,6,
Anne-Ly,321,
Anne-Mai,177,
Anne-Mari,98,
Anne-Maria,23,
Anne-Marie,28,
Anne-Marii,8,
Anne-Mary,9,
Anne-Liis,166,
Anne-Ly,321,
Anne-Mai,177,
Annely,800,
Annemai,62,
Annegret,16,
Annegrete,10,
Anneke,9,
Anneken,10,
Annela,189,
Annele,6,
Anneli,3437,
Annelie,14,
Annelii,78,
Anneliis,151,
Anneliise,6,
Annelis,6,
Annely,800,
Annemai,62,
Annemari,81,
Annemarie,25,
Annes,,96
Anneta,7,
Annete,8,
Annett,20,
Annette,52,
Anni,866,
Annica,6,
Annie,5,
Annika,2740,
Annike,38,
Anniki,65,
Annimari,5,
Anno,,24
Anny,11,
Anri,,36
Anry,4,5
Antanas,,25
Antero,,51
Anthony,,35
Anti,,865
Anto,,65
Anton,,2389
Antoni,4,18
Antonina,1979,
Antonio,,41
Antons,,13
Antony,,7
Ants,,3005
Ants-Kristjan,,5
Antti,,244
Anu,3229,
Anu-Liis,9,
Anu-Reet,5,
Anvar,,45
Anzela,7,
Anzelika,25,
Anzhela,47,
Anzhelika,52,
Anžela,424,
Anželika,621,
Anžella,41,
Anıl,,6
Apollinaria,8,
Ara,4,7
Arabella,236,
Aram,,12
Arbo,,50
Arco,,5
Ard,,10
Arden,,11
Ardi,,356
Ardo,,484
Ardon,,9
Are,4,199
Areli,4,4
Aren,,13
Aret,4,9
Arge,7,4
Argo,,1361
Argos,,6
Ari,,5
Ari Matti,,5
Aria,10,
Ariadna,54,
Arian,,9
Ariana,120,
Ariane,13,
Arianna,38,
Arianne,5,
Arie,4,5
Ariel,7,13
Arif,,8
Ariina,10,
Arik,,8
Ariko,,5
Arina,1073,
Aris,,12
Arita,5,
Arkadi,,321
Arkady,,43
Arko,,68
Arle,34,21
Arleen,7,
Arlen,,7
Arles,,58
Arlet,,37
Arli,4,68
Arlin,4,5
Arlis,4,40
Arlo,,10
Arly,4,5
Arma,29,
Arman,,22
Armand,,117
Armanda,8,
Armando,,14
Armas,,38
Armen,,56
Armi,4,5
Armido,,5
Armin,,428
Armine,15,
Armis,,11
Armo,,45
Arne,,848
Arni,,23
Arnika,21,
Arnis,,46
Arno,,868
Arnold,,642
Aro,,18
Aron,,431
Arp,,10
Arpo,,17
Arro,,14
Arsen,,56
Arseni,,559
Arsenti,,5
Arseny,,20
Arsi,4,8
Art,,84
Artem,,315
Artemi,,257
Artemii,,6
Artemij,,6
Arthur,,236
Arti,,160
Artis,,13
Artjom,,2597
Arto,,83
Artti,,11
Artur,,3428
Arturas,,18
Arturs,,35
Artyom,,60
Artūrs,,11
Arved,,255
Arvet,,149
Arvi,,1237
Arvid,,35
Arvidas,,7
Arvin,,30
Arvis,,9
Arvo,,2303
Arzu,8,4
Ashot,,6
Asia,15,
Asija,8,
Asja,50,
Asko,,236
Askold,,7
Asmik,6,
Asmo,,15
Assar,,18
Asser,,18
Asso,,94
Assol,7,
Asta,1554,
Asti,33,
Aston,,28
Astra,185,
Astrid,794,
Astrit,65,
Asya,12,
Ati,,9
Ats,,547
Atso,,27
August,,433
Aule,42,4
Auli,95,4
Aulika,15,
Aulike,12,
Auliki,5,
Aulikki,5,
Aulis,,57
Aulo,,15
Aune,186,
Aureelia,12,
Aurel,,10
Aurelia,89,
Aurelie,22,
Aurelius,,5
Auri,15,7
Aurika,46,
Auris,,12
Aurora,32,
Ausma,10,
Austra,10,
Ava,5,
Ave,1537,
Ave-Liis,10,
Ave-Ly,24,
Ave-Mai,5,
Ave-Maria,11,
Ave-Marleen,12,
Aveli,126,
Aveliis,7,
Avelin,18,
Avelina,7,
Avely,65,
Averi,4,8
Avery,,5
Avo,,1151
Avrora,12,
Axel,,37
Aya,6,
Aylin,17,
Ayrton,,18
Aysel,7,
Azat,,9
Baiba,15,
Bairon,,11
Balázs,,6
Barbara,71,
Barbi,5,
Beata,36,
Beatrice,78,
Beatriz,12,
Bela,18,4
Belinda,11,
Bella,63,
Ben,,21
Bence,,5
Benita,64,
Benjamin,,66
Benno,,92
Berbel,5,
Beril,7,
Berit,490,
Berith,7,
Berk,,6
Berle,8,
Bernd,,8
Bernhard,,52
Bert,,105
Berta,89,
Bertha,19,
Beti,8,
Betti,33,
Bettina,6,
Betty,20,
Bianca,71,
Bianka,54,
Bibi,11,
Bilal,,6
Birge,6,
Birgit,1260,
Birgita,21,
Birgith,13,
Birgitt,5,
Birgitta,25,
Birjo,15,
Birk,,11
Birte,7,
Biruta,10,
Birute,9,
Björn,,30
Bogdan,,304
Bogdana,12,
Boleslav,,11
Boris,,1002
Boriss,,903
Borja,,5
Borys,,24
Bosse,,6
Braian,,27
Braien,,31
Brain,,15
Brait,,27
Brandon,,96
Brayan,,17
Brenda,98,
Brendon,,31
Brent,,32
Bret,21,8
Breth,4,4
Brett,7,12
Brette,5,
Brian,,28
Brianna,46,
Brigit,12,
Brigita,155,
Brigite,11,
Brigitha,7,
Brigitt,5,
Brigitta,185,
Brigitte,11,
Brit,90,
Brita,202,
Brith,6,
Britha,5,
Britt,93,
Britta,199,
Brittany,10,
Britte,10,
Britten,26,
Bronek,,10
Bruno,,313
Bryan,,21
Bärbel,26,
Cady,5,
Caius,,13
Calvin,,20
Cameron,4,4
Camila,6,
Camilla,51,
Cardo,,24
Carel,,16
Caren,5,
Cariina,5,
Carin,5,
Carina,87,
Carine,11,
Carinee,5,
Carita,30,
Carl,,124
Carl Andreas,,5
Carl Erik,,8
Carl Joosep,,6
Carl Markus,,6
Carl Robert,,12
Carl-Markus,,7
Carl-Martin,,12
Carl-Robert,,15
Carla,14,
Carles,,6
Carlo,,18
Carlos,,105
Carlotta,5,
Carmel,31,
Carmela,11,
Carmen,623,
Carmen Maria,5,
Carol,115,17
Carola,120,
Caroli,17,
Caroliina,26,
Carolin,214,
Carolina,157,
Caroline,91,
Caroly,46,
Carolyn,79,
Carolyna,7,
Carry,4,5
Casandra,11,
Caspar,,118
Casper,,22
Cassandra,94,
Catalina,8,
Caterina,9,
Catherine,30,
Cathleen,12,
Cathlyn,7,
Cathrin,6,
Cathy,55,
Catlin,18,
Catlyn,19,
Catrin,5,
Cecilia,12,
Ceitlyn,5,
Celia,21,
Celine,15,
Cerli,6,
Cerly,6,
Cetlin,6,
Cevin,,29
Charles,,5
Charlie,,7
Charlotte,23,
Chiara,18,
Chris,25,138
Chris-Sten,,5
Chrislin,15,
Chrislyn,10,
Christa,5,
Christel,48,
Christella,27,
Christelle,24,
Christer,,25
Christi,25,
Christian,,197
Christiana,7,
Christiane,7,
Christiin,6,
Christin,40,
Christina,117,
Christine,59,
Christjan,,17
Christo,,26
Christofer,,106
Christofer Robin,,7
Christoph,,18
Christopher,,184
Christos,,5
Christy,5,
Christyna,5,
Cindy,9,
Claid,,9
Claire,14,
Clara,13,
Claudia,129,
Claudio,,15
Clelia,6,
Clemet,,9
Cornelia,17,
Craig,,6
Cris,4,21
Crislyn,13,
Cristal,5,
Cristel,26,4
Cristella,24,
Cristelle,12,
Cristen,4,6
Crister,,8
Cristi,7,
Cristian,,51
Cristiana,7,
Cristiine,5,
Cristin,15,
Cristina,48,
Cristine,5,
Cristjan,,9
Cristo,,38
Cristofer,,83
Cristopher,,28
Cristy,6,
Crystal,15,
Cärol,40,
Cärolin,32,
Cäroly,28,
Cärolyn,14,
Cäthy,5,
Cätlin,40,
Cätlyn,29,
Cätriin,9,
David,,704
Den,,11
Diana,3219,
Daan,,5
Daaniel,4,40
Dace,18,
Dag,,8
Dagmar,317,4
Dagnar,,10
Dagne,51,
Dagni,19,
Dagny,10,
Dago,,6
Daiana,8,
Daile,11,
Daili,8,
Daily,23,
Daimar,,26
Daina,14,
Dainis,,21
Daire,23,
Dairi,14,4
Daisi,87,
Daisy,151,
Daiva,14,
Daivi,8,
Dajana,58,
Dalia,25,
Damian,,44
Damir,,217
Damira,7,
Dan,4,99
Dana,131,4
Dane,7,4
Danek,,14
Danel,,258
Dania,5,
Danial,,5
Daniel,4,1591
Daniela,127,
Daniele,,14
Daniell,4,8
Daniella,54,
Danielle,7,
Daniels,,10
Daniil,,1863
Danika,5,
Danil,,319
Danila,,200
Danilo,,9
Danis,,8
Danita,7,
Danja,4,4
Dannar,,5
Danny,4,6
Danuta,15,
Danute,18,
Danver,,13
Dargo,,6
Dari,,7
Daria,417,
Darian,,12
Dariia,7,
Darija,29,
Darina,256,
Dario,,31
Darius,,28
Dariya,15,
Darja,1764,
Darko,,9
Darleen,7,
Darya,43,
Daryna,9,
Dave,,10
David,,704
David Robert,,5
Davide,,21
Davy,,5
Dawid,,5
Dea,72,
Deana,22,
Deanna,7,
Deanne,7,
Debi,5,
Debora,26,
Deborah,9,
Deeli,5,
Deelia,15,
Deepak,,5
Deevi,7,4
Deili,26,
Deily,26,
Dein,,11
Deisi,21,
Deisy,27,
Deivi,65,4
Deivid,,72
Deivy,10,4
Delia,51,
Delis,22,4
Demi,22,4
Demjan,,30
Demo,,5
Demy,6,4
Den,,11
Deniel,,51
Denis,,1641
Denisa,6,
Denise,11,
Deniss,,1525
Denni,,10
Dennis,,47
Denys,,47
Derek,,67
Desiree,65,
Devi,4,4
Devid,,86
Devin,4,54
Diaana,7,
Diana,3219,
Diandra,36,
Diane,29,
Dianna,14,
Dianne,8,
Didzis,,5
Diego,,24
Dieter,,7
Diina,48,
Dilara,8,
Dima,4,5
Dimitri,,191
Dimitriy,,7
Dimo,,8
Dina,328,
Dinara,38,
Dinis,,10
Diogo,,6
Dirk,,9
Diāna,11,
Dmitri,4,6238
Dmitrii,,117
Dmitrij,,17
Dmitrijs,,47
Dmitriy,,113
Dmitry,,1063
Dmytro,,181
Dolores,25,
Domenico,,7
Dominic,,138
Dominik,4,102
Dominika,77,
Donald,,28
Donat,,26
Donatas,,11
Donna,6,
Doora,6,
Dora,21,
Dorel,18,
Dorian,4,13
Doris,250,
Dorit,6,
Dorothea,6,
Dorrit,11,
Douglas,,5
Dzintars,,11
Dzintra,20,
Džulia,7,
Ed,,6
Eli,57,6
Ea,14,4
Eba,6,
Ebe,147,
Ebe-Kai,11,
Ebeli,12,
Ed,,6
Eda,1107,
Edda,106,
Eddi,4,12
Eddie,,5
Eddy,8,12
Ede,78,
Edeli,6,
Eden,5,4
Edgar,,892
Edgaras,,5
Edgard,,21
Edgars,,59
Edi,12,13
Edik,,18
Edit,31,
Edita,31,
Edith,196,
Editha,5,
Edme,7,
Edmond,,18
Edmund,,32
Edna,30,
Edoardo,,12
Eduard,,2698
Eduardas,,8
Eduardo,,12
Edvard,,190
Edvardas,,8
Edvi,26,
Edvig,8,4
Edvika,7,
Edvin,,259
Edward,,126
Edwin,,38
Edy,4,4
Eedi,,45
Eedu,,5
Eela,25,
Eele,19,
Eeli,6,4
Eelika,83,
Eenok,,12
Eeri,,120
Eerich,,5
Eerik,,402
Eerika,176,
Eero,,688
Eesi,29,
Eetel,6,
Eeva,254,
Eeva-Liisa,21,
Eeva-Maria,17,
Eeve,31,
Eevi,1079,
Ege,169,4
Egel,4,4
Egeli,21,
Egely,12,
Eger,4,14
Egerd,,15
Egeri,4,4
Egeriin,5,
Egert,4,865
Egerth,,5
Eget,7,4
Egeth,6,
Egeti,4,4
Egge,19,
Eggert,,8
Egil,,6
Egle,720,
Egle-Riin,9,
Egli,5,
Eglis,4,5
Eglit,5,4
Eglė,6,
Egnar,4,6
Egne,99,
Egon,,484
Egor,,319
Egrit,4,5
Eha,2501,
Eha-Mai,12,
Ehte,20,
Ehtel,31,
Ehti,7,
Eili,157,
Eia,10,
Eidi,19,
Eigo,,107
Eija,10,
Eike,191,4
Eiki,4,112
Eiko,,100
Eileen,15,
Eili,157,
Eilika,26,
Eilike,21,
Eilin,8,
Eily,6,
Eimar,,98
Eimi,8,
Einar,,780
Einari,,30
Eini,14,21
Einike,44,
Eino,,498
Eire,13,
Eiri,11,
Eirik,,7
Eivar,,5
Eivi,11,
Eivo,,31
Ekaterina,1426,
Eke,4,27
Ekke,,96
Ela,24,
Elaire,7,
Elana,7,
Elar,,279
Elari,,178
Elary,,6
Elbe,59,
Eldar,,90
Elde,5,
Eldin,6,
Eldur,,186
Ele,293,
Ele-Liis,8,
Ele-Mai,6,
Ele-Riin,20,
Eleanor,84,
Eleanora,67,
Eleen,21,
Elen,357,
Elena,2827,
Elene,13,
Eleni,13,
Elenor,36,
Eleonoora,6,
Eleonor,12,
Eleonora,264,
Eleri,310,4
Eleriin,127,
Elerin,167,
Elery,67,
Eleryn,13,
Elfrida,117,
Elga,184,
Elge,27,
Elger,,18
Elgi,204,
Elgita,5,
Elhan,,5
Eli,57,6
Elina,1463,
Elia,4,4
Eliana,23,
Elias,,50
Eliina,54,
Eliine,7,
Eliis,255,
Eliisa,165,
Eliisabet,124,
Eliisabeth,28,
Eliisbet,8,
Eliisbeth,8,
Eliise,994,
Eliise-Marie,7,
Elika,85,
Eliko,56,
Elin,203,
Elina,1463,
Eline,6,
Elinor,41,
Elinora,10,
Elis,672,23
Elisa,139,
Elisa Maria,12,
Elisa Marie,6,
Elisabet,217,
Elisabeth,882,
Elisabetta,7,
Elisaveta,39,
Elise,318,
Elise-Marie,5,
Elisete,6,
Elita,16,
Eliza,49,
Elizabet,37,
Elizabeth,260,
Elizaveta,536,
Elize,8,
Elja,41,
Elje,67,
Elju,95,
Elke,36,
Elkhan,,7
Ell,33,
Ella,615,
Ellada,5,
Elle,1521,
Ellen,1432,
Elleonora,8,
Elli,473,
Ellie,5,
Ellika,20,
Ellin,6,
Ellina,38,
Ellinor,23,
Ellis,7,4
Ellu,65,
Elly,40,
Elma,136,
Elmar,,731
Elme,55,
Elmer,,30
Elmet,,60
Elmira,75,
Elmo,,316
Elmu,,67
Elna,101,
Elnara,16,
Elnur,,5
Elo,418,
Elon,,16
Elona,21,
Elor,,16
Elora,8,
Els,33,
Elsa,527,
Elsbeth,8,
Else,25,
Elsi,28,
Elton,,17
Elts,6,
Elvar,,10
Elve,755,
Elvi,1316,
Elviira,239,
Elvina,52,
Elvira,513,
Elvis,,174
Elvo,,55
Elyna,5,
Elys,15,
Elyse,9,
Elza,45,
Elīza,6,
Emanuel,,5
Emanuele,,9
Emely,13,
Emeri,9,5
Emil,,291
Emili,304,
Emilia,633,
Emilia Maria,5,
Emilie,88,
Emilija,61,
Emilio,,6
Emily,473,
Emin,,9
Emma,772,
Emma Lisette,7,
Emma-Leena,10,
Emma-Liis,6,
Emmaliisa,9,
Emmanuel,,8
Emmi,29,
Emre,,9
Ena,34,
Enar,,90
Enari,,26
Enda,118,
Endel,,1561
Ender,,6
Endi,4,10
Endla,636,
Endo,,34
Endre,,12
Endri,,18
Endrik,,109
Endriko,,10
Ene,4158,
Ene-Liis,22,
Ene-Ly,26,
Eneken,105,
Eneko,,5
Enel,119,
Enela,11,
Eneli,501,
Enelii,7,
Eneliis,13,
Enelin,78,
Enelis,9,
Enely,131,
Enelyn,6,
Eneri,8,4
Enn,,2152
Enna,126,4
Enni,6,4
Enno,,1087
Ennu,,108
Eno,4,71
Enri,,44
Enrice,,6
Enrico,,178
Enrik,,21
Enriko,,93
Enrique,,13
Enver,,15
Enzo,,8
Epp,687,
Era,8,
Ere,109,
Ereli,15,
Erelin,6,
Erely,7,
Eren,9,4
Erena,11,
Eret,103,4
Erge,31,
Ergi,,16
Ergo,,476
Eri,4,12
Erica,21,
Eric,,156
Erica,21,
Erich,,461
Erik,,2082
Erika,1318,
Erin,15,
Erina,6,
Erje,13,
Erki,,1423
Erkin,,8
Erkki,,704
Erkko,,50
Erko,,355
Erla,11,
Erland,,9
Erle,214,
Erleen,6,
Erlend,,135
Erli,38,6
Erlika,9,
Erliko,,7
Erling,,8
Erlis,,9
Erly,7,
Erme,15,4
Ermo,,235
Ermu,,9
Erna,446,
Ernest,,61
Ernesto,,6
Erni,,42
Ernst,,96
Ero,,46
Erol,,9
Eron,,21
Eros,,5
Ert,,5
Erti,4,19
Ertti,,6
Erve,6,
Ervin,,556
Ervo,,6
Erwin,,11
Erık,,2082
Esenia,14,
Esfir,16,
Esko,,80
Esme,15,
Esmeralda,10,
Espe,5,
Esper,,21
Esta,364,
Este,22,
Estel,6,
Estella,18,
Estelle,39,
Ester,1208,
Esther,31,
Esti,32,
Estin,8,
Eston,,22
Estra,55,
Eszter,6,
Ete,11,
Eteri,16,
Ethel,192,
Eti,15,
Etibar,,5
Etkar,,8
Ettel,12,
Etti,8,
Eugen,,104
Eugene,,6
Eugenia,20,
Eva,1624,
Eva Liisa,19,
Eva Maria,55,
Eva-Johanna,5,
Eva-Kaisa,6,
Eva-Kristina,5,
Eva-Liis,20,
Eva-Liisa,86,
Eva-Lota,16,
Eva-Lotta,64,
Eva-Ly,5,
Eva-Mai,9,
Eva-Maria,164,
Eva-Stina,5,
Eva-Liisa,86,
Evald,,403
Evaliisa,8,
Evan,,40
Evar,,61
Evari,,6
Evdokia,138,
Eve,3062,
Eve-Liina,5,
Eve-Liis,23,
Eve-Ly,38,
Eve-Mai,11,
Eve-Ly,38,
Eve-Lyn,5,
Eve-Mai,11,
Eveliis,24,
Eveli,465,
Evelii,12,
Eveliin,23,
Eveliina,26,
Eveliine,5,
Eveliis,24,
Evelin,1647,
Evelina,438,
Eveline,11,
Evely,261,
Evelyn,476,
Even,,59
Ever,,34
Everin,5,
Evert,,173
Evgeni,,60
Evgenia,286,
Evgenii,,55
Evgeniia,37,
Evgenija,9,
Evgeniy,,75
Evgeniya,313,
Evgeny,,1029
Evi,1988,
Evika,6,
Evita,33,
Evnika,5,
Evo,4,25
Evor,,7
Ewa,13,
Fabian,,15
Fabio,,13
Fabrizio,,6
Faina,268,
Farid,,13
Farida,13,
Farit,,6
Fatima,25,
Federico,,28
Fedor,,141
Felicia,13,
Feliks,,309
Felipe,,7
Felix,,80
Feodor,,53
Ferdinand,,38
Ferenc,,11
Fernando,,23
Filipp,,172
Filip,,18
Filipp,,172
Filippo,,10
Fiona,20,
Fjodor,,373
Flo,6,
Flora,22,
Florian,,18
Francesca,28,
Francesco,,47
Francisco,,8
Franco,,19
Franek,,10
Frank,,138
Franka,6,
Franko,,13
Frants,,26
Franz,,33
Franziska,8,
Fred,,483
Fred Erik,,11
Fred-Erik,,9
Freddi,,5
Freddy,,76
Frederic,,5
Frederick,,15
Frederik,,96
Frederika,5,
Fredi,,111
Fredrik,,18
Fredy,,77
Frida,56,
Friedrich,,24
Frol,,5
Fränk,,7
Fyodor,,29
Galina,8626,
Gabor,,5
Gabriel,,251
Gabriela,51,
Gabriele,10,12
Gabriella,39,
Gagik,,6
Gaia,10,
Gaida,45,
Gaidar,,5
Gaidi,40,
Gaile,6,
Gaili,37,
Gaily,20,
Gairi,4,4
Gaisa,7,
Gajane,29,
Galia,16,
Galija,11,
Galina,8626,
Galja,11,
Ganna,51,
Gardo,,8
Garik,,8
Garis,5,4
Garmen,22,
Garri,,42
Garry,,23
Gary,,10
Gaspar,,21
Gatis,,17
Gayane,11,
Gea,189,
Gedi,13,
Gediminas,,10
Gedy,5,
Geelia,7,
Geelika,6,
Geete,18,
Geethe,6,
Geia,6,
Geidi,73,
Geido,,12
Geidy,36,
Geili,42,
Geilin,5,
Geily,26,
Geio,,13
Geir,7,25
Geiri,18,4
Geit,5,19
Geiti,15,
Geitlin,13,
Geity,9,
Geiu,12,
Gelena,27,
Gelia,8,
Gelina,7,
Gelli,7,
Gelly,17,
Gemma,7,
Gen,,22
Gendra,17,
Genely,10,
Genert,,25
Genet,,5
Gennadi,,1836
Gennadii,,27
Gennady,,694
Gennert,,7
Genno,,14
Genrich,,16
Genrietta,32,
Genrih,,27
Genry,,8
Georg,,957
Georg Mattias,,11
George,,33
Georgi,,919
Georgii,,30
Georgina,8,
Georgios,,7
Georgy,,166
Gera,5,
Gerd,,58
Gerda,643,
Gerda-Liis,8,
Gerden,,5
Gerdi,22,4
Gerdo,,63
Gerdy,7,
Gerhard,,60
Gerit,14,4
Gerle,34,
Gerli,999,4
Gerlika,6,
Gerlin,76,
Gerly,236,
Gerlyn,14,
German,,613
Germo,,203
Gerol,,7
Geron,,34
Gerret,,63
Gerri,15,15
Gerrit,5,32
Gerry,7,28
Gersti,21,
Gert,4,1039
Gerta,100,
Gertel,5,
Gerth,,17
Gerthrud,7,
Gerti,31,4
Gertlin,6,
Gerto,,14
Gertrud,180,
Gerttu,39,
Gertu,95,
Gertu-Liis,5,
Gerty,14,
Gervin,,23
Gete,33,
Geter,4,4
Gethe,13,
Getlin,50,
Getlyn,18,
Getri,14,
Getriin,42,
Getrin,45,
Getrud,5,
Getter,447,
Gevin,,26
Gevorg,,12
Gheorghe,,14
Giacomo,,7
Gianluca,,10
Giedrius,,5
Giina,16,
Gina,39,
Gintaras,,11
Giorgi,,42
Giorgia,6,
Giovanni,,11
Girli,7,
Girta,9,
Girtel,10,
Girts,,6
Gisela,38,
Gita,34,
Gitta,21,
Gitte,7,
Giulia,30,
Giuseppe,,25
Givi,,12
Glaid,,10
Gleb,,482
Glen,,54
Glenn,,10
Gloria,182,
Gor,,6
Gordon,,6
Grace,8,
Grant,,8
Gredi,7,
Greeta,12,
Greete,329,
Greete-Liis,25,
Greetel,15,
Greeteliis,6,
Greg,,21
Gregor,,756
Gregori,,31
Gregory,,55
Gren,,19
Greta,178,
Greta Maria,5,
Gretchen,5,
Grete,1233,
Grete Liis,32,
Grete Mai,5,
Grete Maria,16,
Grete-Liis,107,
Grete-Maria,7,
Grete-Liis,107,
Gretel,71,
Greteliis,57,
Gretelis,6,
Grethe,42,
Grethe-Ly,5,
Grethel,71,
Grethen,8,
Gretlin,11,
Gretta,14,
Grette,12,
Grettel,87,
Grigor,,7
Grigori,,554
Grigory,,174
Gris,4,4
Grista,9,
Gristel,32,
Gristi,7,
Gristo,,9
Grit,33,
Gudrun,22,
Guido,,381
Guldar,,9
Gulnara,35,
Gulnaz,5,
Gulnur,5,
Gundega,5,
Gundel,5,
Gunilla,5,
Gunnar,,927
Gunneli,5,
Guntis,,7
Gurgen,,6
Gustav,,247
Gustavo,,8
Guy,,6
Guzel,16,
Gvido,,13
Gärol,5,
Gätlin,28,
Gätriin,5,
Günther,,47
Haide,26,
Haidi,17,
Haiko,,6
Haimar,,14
Hain,,36
Hainer,,8
Haja,7,
Halar,,6
Haldi,30,4
Halida,7,
Halina,5,
Halja,42,
Haljand,,37
Hallan,,6
Hallar,,23
Halliki,28,
Halyna,20,
Hana,15,
Hando,,126
Handro,,9
Hanka,16,
Hanna,909,4
Hanna Brita,5,
Hanna Grete,13,
Hanna Kristiina,6,
Hanna Kristin,6,
Hanna Liis,21,
Hanna Liisa,30,
Hanna Maria,58,
Hanna-Brit,9,
Hanna-Brita,5,
Hanna-Britt,7,
Hanna-Eliise,10,
Hanna-Greta,6,
Hanna-Grete,12,
Hanna-Kaisa,7,
Hanna-Kristiina,6,
Hanna-Leena,6,
Hanna-Liina,51,
Hanna-Liis,40,
Hanna-Liisa,213,
Hanna-Lisette,5,
Hanna-Loora,5,
Hanna-Loore,28,
Hanna-Lotta,10,
Hanna-Ly,16,
Hanna-Mai,6,
Hanna-Mari,8,
Hanna-Maria,76,
Hanna-Stiina,16,
Hanna-Stina,14,
Hanna-Liina,51,
Hanna-Liis,40,
Hanna-Liisa,213,
Hanna-Loore,28,
Hanna-Mari,8,
Hannabel,24,
Hannagret,5,
Hannah,51,
Hannali,10,
Hannaliina,6,
Hannaliis,14,
Hannaliisa,35,
Hannalore,9,
Hannaly,10,
Hanne,13,
Hannela,53,
Hannele,40,
Hanneli,19,
Hanneloore,6,
Hannelore,15,
Hannely,10,
Hannes,,1402
Hanno,,337
Hannu,,11
Hans,,742
Hans Kristian,,11
Hans Kristjan,,25
Hans Markus,,10
Hans-Hendrik,,6
Hans-Kristen,,5
Hans-Kristjan,,41
Harald,,296
Hardi,,385
Hardo,,95
Hardy,4,44
Hargo,,12
Harle,4,5
Harles,,58
Harlet,4,15
Harley,,11
Harli,4,37
Harlis,,18
Harly,,20
Harmo,,6
Harold,,29
Harras,,5
Harri,,1172
Harriet,54,
Harris,,15
Harro,,14
Harry,,585
Hart,,13
Harti,,21
Hasan,,11
Hasmik,7,
Hassan,,6
Hasso,,24
Helis,198,4
Heda,34,
Hedda,24,
Heddi,19,
Heddy,35,
Hede,15,
Hedi,244,4
Hedit,8,
Hedvi,16,
Hedvig,107,4
Hedy,61,
Heelika,26,
Heete,17,
Hege,8,
Hegert,,24
Hegle,22,
Hegne,15,
Heida,7,
Heidi,871,4
Heido,,69
Heidy,80,
Heigo,,440
Heike,50,4
Heiki,,1529
Heikki,,348
Heikko,,54
Heiko,,283
Heili,550,
Heilika,41,
Heilike,7,
Heilo,4,24
Heily,66,
Heimar,,93
Heimo,,31
Heinar,,366
Heinart,,28
Heindrich,,5
Heiner,,8
Heini,12,123
Heinike,8,
Heino,,2050
Heinrich,,153
Heinry,,6
Heiti,4,187
Heitti,4,10
Heivi,84,
Heivo,,28
Hektor,,10
Hela,20,
Helar,,86
Helari,,86
Helary,,6
Helbe,220,
Helda,53,
Heldi,271,
Heldin,30,
Heldur,,652
Hele,544,
Hele-Liis,17,
Hele-Mai,46,
Hele-Mall,77,
Hele-Riin,63,
Hele-Riin,63,
Heleen,75,
Heleena,7,
Heleene,61,
Heleken,6,
Heleliis,8,
Helemai,6,
Helemall,6,
Helen,2460,
Helen Marie,6,
Helena,1578,
Helena Maria,9,
Helene,264,
Heleni,23,
Helenor,5,
Heleri,401,
Heleriin,108,
Helerin,194,
Helery,84,
Heleryn,8,
Helga,628,
Helge,136,4
Helger,,51
Helgi,1975,
Helgo,,17
Heli,2335,
Heli-Liis,7,
Heli-Mai,8,
Heli-Mall,7,
Heliina,5,
Heliis,31,
Heliisa,8,
Heliise,18,
Helika,53,
Helikar,,16
Heliko,10,
Helin,277,
Helina,781,
Helis,198,4
Helja,187,
Helje,416,
Heljo,413,
Helju,1585,
Hell,10,4
Hella,75,
Hellart,,10
Helle,2218,
Helle-Mai,59,
Helle-Mall,31,
Helle-Reet,13,
Hellen,62,
Hellevi,7,
Helli,44,
Hellika,37,
Helliki,6,
Helly,7,
Helme,119,
Helmer,,21
Helmet,,24
Helmi,716,
Helmut,,310
Helo,23,
Helve,1335,
Helvi,546,
Helvis,,7
Hely,6,
Helyna,6,
Helys,5,
Hendo,,14
Hendri,,90
Hendrik,,1037
Hendriko,,10
Hendry,,31
Heneli,10,
Hengo,,13
Henn,4,297
Henna,8,
Henni,6,4
Henno,,170
Henri,,1670
Henrich,,11
Henrico,,19
Henrietta,9,
Henriette,24,
Henrik,,269
Henriko,,23
Henro,,5
Henry,,828
Henryk,,5
Herbert,,121
Herdis,28,4
Heret,30,
Hergi,,10
Hergo,,22
Herje,5,
Herki,,137
Herkki,,47
Herko,,39
Herle,10,
Herli,5,6
Herly,4,4
Herman,,196
Hermann,,37
Hermas,,5
Hermo,,36
Herta,134,
Heti,36,4
Hetlin,8,
Hettel,16,
Hetti,10,4
Heveli,8,
Hevelin,9,
Hiia,5,
Hiie,295,
Hilda,532,
Hildegard,79,
Hilja,1037,
Hiljar,,14
Hilje,79,
Hillar,,937
Hillart,,13
Hille,725,
Hille-Mai,6,
Hilma,110,
Hilve,17,
Hilvi,22,
Himre,,5
Hindrek,,162
Hinna,7,
Hinnar,,9
Hinno,,19
Hipp,5,
Hirja,7,
Hjalmar,,20
Holden,,18
Holger,,268
Horre,,17
Hristina,32,
Hristo,,8
Hubert,,91
Hugo,,782
Hugo Markus,,8
Huko,,28
Hurmas,,6
Hurmi,11,4
Hurmo,,7
Häli,67,
Hälis,25,4
Häly,9,
Härmo,,25
Hülle,22,
Ilja,6,2074
Ia,25,
Ian,,41
Iana,27,
Ida,188,
Ida Maria,13,
Idris,4,4
Ieva,48,
Ievgen,,21
Ievgeniia,6,
Ignar,,13
Ignas,,10
Igor,,6348
Igors,,60
Iia,64,
Iie,9,
Iira,27,
Iiri,27,
Iiris,188,
Iisi,7,
Iivar,,9
Iive,33,
Iivi,178,
Iivika,27,
Iivo,,28
Ija,76,
Ike,,7
Ilana,33,
Ilaria,14,
Ilda,47,
Ildar,,33
Ileana,6,
Ilga,21,
Ilgar,,12
Ilia,,59
Ilian,4,18
Iliana,12,
Ilina,7,
Ilja,6,2074
Iljana,6,
Iljar,,9
Iljo,4,4
Illa,29,
Illar,,309
Illarion,,16
Ille,339,
Illi,41,
Illia,,26
Illimar,,149
Illis,,6
Illo,,11
Illona,6,
Ilma,85,
Ilmar,,1579
Ilmari,,13
Ilme,1116,
Ilmi,116,
Ilmo,,25
Ilmārs,,6
Ilo,16,25
Ilon,4,5
Ilona,1295,
Iloona,10,
Ilor,,5
Ilse,383,
Ilva,8,
Ilvi,86,
Ilya,,332
Ilze,18,
Imant,,10
Imbi,739,
Imre,,650
Ina,80,
Inar,,5
Inara,33,
Inari,4,9
Inda,23,
Indira,5,
Indra,65,4
Indre,4,12
Indrek,,3546
Indres,,6
Indro,,18
Indur,,7
Ines,163,
Inesa,14,
Inese,32,
Inessa,201,
Inga,1460,
Ingar,,37
Inge,1034,
Ingeborg,28,4
Ingel,68,
Ingela,27,
Ingeli,18,
Ingely,6,
Ingemar,,48
Inger,97,4
Inger-Liis,6,
Ingeri,9,
Ingi,21,
Ingmar,,247
Ingo,,48
Ingomar,,12
Ingra,11,
Ingre,9,
Ingrem,5,
Ingrid,2026,
Ingrida,13,
Ingrit,156,
Ingus,,5
Ingvar,,151
Inkeri,30,
Inna,2115,
Innar,,180
Inno,,79
Inta,21,
Ioanna,6,
Ion,,30
Iosif,,25
Ioulia,7,
Irina,10427,
Ira,165,
Irada,7,
Iraida,319,
Irakli,,20
Ireen,53,
Ireena,7,
Ireene,34,
Iren,64,
Irena,294,
Irene,409,
Iriina,34,
Irina,10427,
Iris,415,
Irja,288,
Irje,35,
Irma,282,
Irmeli,41,
Irmen,7,
Iryna,136,
Isaac,,13
Isabel,317,
Isabell,25,
Isabella,203,
Isabelle,21,
Iskander,,10
Ismail,,19
Ita,40,
Iti,96,
Iulia,6,
Iuliia,117,
Iurii,,89
Iva,11,
Ivalo,,11
Ivan,,3334
Ivans,,13
Ivar,,1552
Ivari,,92
Ivars,,23
Ive,76,
Iveta,40,
Ivetta,25,
Ivi,627,4
Ivika,217,
Ivo,,1549
Ivor,,19
Iya,15,
Izabel,7,
Izabela,8,
Izabella,57,
Izolda,18,
Jane,1337,
Jaago,,33
Jaagup,,258
Jaak,,1951
Jaakko,,6
Jaako,,6
Jaakob,,14
Jaan,,4745
Jaan-Hendrik,,5
Jaan-Erik,,7
Jaana,1040,
Jaanar,,6
Jaane,22,4
Jaanek,,126
Jaanika,1470,4
Jaanis,,244
Jaano,,110
Jaanus,,3169
Jaarek,,8
Jacek,,10
Jack,,13
Jacob,,30
Jacqueline,15,
Jadviga,58,
Jaen,,10
Jagnar,,11
Jagne,9,
Jaime,,5
Jako,,204
Jakob,,565
Jakop,,9
Jakov,,128
Jakub,,28
Jalmar,,87
James,,20
Jan,,772
Jan Erik,,58
Jan Markus,,32
Jan Robert,,8
Jan-Eric,,12
Jan-Erik,,94
Jan-Joonas,,5
Jan-Marcus,,8
Jan-Markus,,22
Jan-Marten,,13
Jan-Martin,,15
Jana,2676,
Janar,,1288
Janari,4,133
Janary,,8
Jander,,22
Jandra,21,
Jandre,,10
Jane,1337,
Jane-Liis,19,
Jane-Ly,39,
Jane-Ly,39,
Janec,,22
Janek,,2548
Janeka,9,
Janel,4,29
Janela,6,
Janeli,293,
Janeliis,12,
Janelin,14,
Janell,15,
Janella,10,
Janelle,117,
Janely,206,
Janer,,5
Janet,70,
Janete,46,
Janett,16,
Janetta,8,
Janette,58,
Janica,8,
Janika,779,4
Janina,164,
Janis,4,395
Janita,10,
Janmar,,6
Jann,,13
Janna,16,
Janne,843,9
Janne-Liis,8,
Janner,,6
Janno,,1306
Jannu,,11
Jano,,21
Janor,,10
Janos,,13
Janre,,14
Janus,,27
Jarek,,157
Jaren,,8
Jargo,,48
Jari,,10
Jarkko,,11
Jarko,,93
Jarl,,14
Jarmo,,400
Jarno,,79
Jaroslav,,423
Jaroslava,92,
Jaroslavna,6,
Jasmin,54,
Jasmine,17,
Jason,,18
Jaspar,,16
Jasper,,273
Jass,,40
Javier,,10
Jean,,11
Jeanette,5,
Jeanne,12,
Jeffrey,,5
Jefim,,44
Jegor,,696
Jekaterina,4759,
Jelena,10541,
Jelizaveta,1208,
Jenna,17,
Jenni,14,
Jennifer,107,
Jenny,35,
Jennyfer,10,
Jens,,42
Jeremy,,6
Jesenija,7,
Jesper,,87
Jesse,,21
Jessenia,13,
Jessica,172,
Jessika,44,
Jete,56,
Jette,72,
Jeva,30,
Jevgeni,,3850
Jevgenia,1650,
Jevgenij,,12
Jevgenija,234,
Jevnika,5,
Jevsei,,6
Jim,,5
Jimmy,,8
Joachim,,8
Joakim,,14
Joan,4,15
Joana,15,
Joann,,32
Joanna,202,
Joanna Maria,11,
Joanna Marie,7,
Joanna-Maria,7,
Joanne,5,
Joe,,23
Joel,,569
Johan,,230
Johan Erik,,11
Johann,,168
Johanna,985,
Johanna Liisa,12,
Johanna Maria,65,
Johanna-Liisa,12,
Johanna-Maria,25,
Johanna-Marie,5,
Johannes,,1125
John,,40
Johnny,,6
Jolana,11,
Jolanda,14,
Jolanta,34,
Jon,,10
Jonas,,143
Jonatan,,42
Jonathan,,76
Jonel,,6
Jonna,9,
Jonne,5,8
Joonas,,894
Joonatan,,131
Joosep,,1146
Joosua,,10
Jordan,,17
Jordi,,6
Jorge,,12
Jorgen,,45
Jorke,,6
Jorma,,114
Jorven,,15
Jose,,7
Josef,,15
Josep,,10
Joseph,,26
Jossif,,51
Jost,,6
Josten,,8
Jozef,,8
Juan,,8
Juan Carlos,,9
Judit,7,
Judith,22,
Juha,,21
Juhan,,1037
Juhani,,35
Juho,,58
Jukko,,5
Juku,,25
Juli,,17
Julia,4420,
Julian,4,44
Juliana,189,
Julianna,80,
Julie,17,
Juliette,7,
Julija,602,
Julika,29,
Julius,,93
Julja,11,
June,7,
Juozas,,11
Jura,,5
Jurgita,10,
Jurgo,,5
Juri,,3761
Jurij,,18
Jurijs,,32
Juris,,51
Juss,,110
Jussi,,15
Justin,,12
Justina,21,
Justus,,12
Juta,1524,
Jutta,27,
Juula,10,
Juuli,45,
Juulia,74,
Juulika,11,
Juzefa,16,
Jyri,,5
Järvi,21,
Jörg,,10
Jörgen,,159
Jürgen,,643
Jürgo,,29
Jüri,,5593
Jürjo,,18
Jürmo,,16
Jūlija,14,
Jānis,,47
Kirill,,2022
Kristi,3251,4
Kadi,1694,
Kadri,3278,4
Kaja,2320,4
Kaare,13,4
Kaarel,,1381
Kaari,118,
Kaarin,161,
Kaarina,19,
Kaarle,,9
Kaarli,,23
Kaarup,,8
Kaddi,7,
Kadi,1694,
Kadi-Liis,57,
Kadi-Ly,13,
Kadi-Riin,8,
Kadi-Liis,57,
Kadre,33,
Kadri,3278,4
Kadri Ann,16,
Kadri-Ann,44,
Kadri-Liis,55,
Kadri-Ly,6,
Kadri-Triin,5,
Kadrian,9,
Kadriann,27,
Kadriliis,8,
Kadrin,45,
Kady,46,
Kahro,,47
Kai,1184,7
Kai Liis,6,
Kai-Liis,18,
Kai-Ly,8,
Kai-Riin,17,
Kaisa,1429,
Kaia,601,
Kaia Liisa,5,
Kaia-Liisa,25,
Kaida,39,
Kaidar,,64
Kaide,26,
Kaider,,19
Kaidi,1042,4
Kaido,,2357
Kaidor,,12
Kaidu,,58
Kaidur,,14
Kaidy,24,
Kaie,1162,
Kaija,172,
Kaija-Liis,6,
Kaija-Liisa,10,
Kaijo,,16
Kaiko,,24
Kail,7,15
Kaila,16,
Kaile,44,
Kaileen,33,
Kaili,618,
Kaily,26,
Kaimar,,228
Kaimo,,190
Kaimu,,7
Kaimur,,16
Kain,,16
Kaio,,14
Kaira,20,4
Kaire,1367,4
Kaireen,7,
Kairi,1667,
Kairi-Liis,7,
Kairi-Liis,7,
Kairiin,35,
Kairika,10,
Kairin,16,
Kairis,7,4
Kairit,525,
Kairo,,140
Kais,6,4
Kaisa,1429,
Kaisa-Liisa,12,
Kaisa-Maria,6,
Kaisa-Triin,5,
Kaisa-Liis,12,
Kaisi,37,
Kaisu,14,
Kait,32,111
Kaitel,8,
Kaiti,41,
Kaiu,43,4
Kaius,,32
Kaivar,,9
Kaive,7,4
Kaivi,5,4
Kaivo,,67
Kaja,2320,4
Kajar,,99
Kajari,10,4
Kaldi,4,23
Kalev,,2618
Kalevi,,23
Kalina,16,4
Kaljo,,449
Kalju,,1827
Kalle,,2434
Kalli,148,
Kally,12,
Kalmar,,62
Kalmer,,818
Kalmet,,13
Kalvar,,21
Kalver,,42
Kalvi,5,262
Kalvin,,43
Kamal,,5
Kamelia,9,
Kamil,,27
Kamila,38,
Kamilla,162,
Kamo,,7
Kanni,29,
Kanstantsin,,5
Kapitalina,37,
Kapitolina,42,
Kardo,,214
Kare,7,
Karel,,755
Kareli,8,
Karen,153,52
Karet,21,
Karevi,,6
Kari,4,43
Kariina,41,
Karilin,17,
Karim,4,23
Karima,7,
Karin,2735,
Karin Maria,5,
Karina,1564,
Karine,104,
Karinee,19,
Karis,49,4
Karit,50,4
Karita,130,
Karl,,2431
Karl Alexander,,5
Karl Andreas,,19
Karl Artur,,13
Karl August,,35
Karl Eerik,,25
Karl Eric,,12
Karl Erik,,141
Karl Georg,,5
Karl Gregor,,16
Karl Gustav,,64
Karl Hendrik,,48
Karl Henry,,6
Karl Indrek,,6
Karl Jakob,,29
Karl Johan,,25
Karl Johann,,14
Karl Johannes,,41
Karl Joosep,,44
Karl Jürgen,,9
Karl Kevin,,21
Karl Kristjan,,67
Karl Kristofer,,19
Karl Markus,,101
Karl Marten,,36
Karl Martin,,115
Karl Matthias,,9
Karl Mattias,,46
Karl Mihkel,,19
Karl Miikael,,5
Karl Olaf,,6
Karl Oliver,,11
Karl Oskar,,71
Karl Robert,,66
Karl Sander,,24
Karl Villem,,7
Karl-Andreas,,8
Karl-Andres,,6
Karl-August,,13
Karl-Eduard,,8
Karl-Eerik,,41
Karl-Erich,,10
Karl-Erik,,191
Karl-Gunnar,,7
Karl-Gustav,,50
Karl-Hans,,6
Karl-Heinrich,,7
Karl-Hendrik,,36
Karl-Johan,,11
Karl-Johannes,,41
Karl-Joosep,,26
Karl-Jürgen,,5
Karl-Kaspar,,13
Karl-Kevin,,22
Karl-Kristjan,,61
Karl-Magnus,,6
Karl-Markus,,109
Karl-Marten,,22
Karl-Martin,,118
Karl-Mattias,,29
Karl-Mihkel,,8
Karl-Olaf,,5
Karl-Oskar,,33
Karl-Robert,,41
Karl-Robin,,10
Karl-Sander,,38
Karl-Silver,,5
Karl-Toomas,,6
Karl-Eerik,,41
Karl-Erik,,191
Karl-Heinrich,,7
Karl-Hendrik,,36
Karl-Kristofer,,8
Karl-Markus,,109
Karl-Oskar,,33
Karla,4,66
Karli,,267
Karlis,,137
Karlo,,43
Karlos,,56
Karm,,6
Karme,15,
Karmel,85,
Karmela,31,
Karmeli,7,
Karmeliina,6,
Karmen,1143,
Karmi,6,4
Karmo,,414
Karo,,7
Karol,26,107
Karola,297,
Karoli,100,
Karoliin,14,
Karoliina,444,
Karoliine,216,
Karoliis,15,
Karolin,578,
Karolina,527,
Karoline,66,
Karolis,4,4
Karoly,12,4
Karolyn,17,
Karri,,18
Karro,,17
Karry,,8
Karyna,11,
Kassandra,24,
Kasandra,6,
Kaspar,,2148
Kaspars,,22
Kasper,,172
Kassandra,24,
Kata,12,
Katariina,295,
Katalin,5,
Katalina,11,
Katariin,12,
Katariina,295,
Katarina,364,
Katarina Elisabeth,5,
Katarzyna,11,
Kate,11,
Kateriin,25,
Kateriina,18,
Kateriine,9,
Katerin,19,
Katerina,270,
Katerine,6,
Kateryna,92,
Katharina,64,
Katherin,5,
Katherina,5,
Katherine,12,
Kathleen,16,
Kathriin,11,
Kathrin,5,
Kathy,8,
Kati,1245,
Kati-Liis,7,
Katia,6,
Katie,6,
Katja,33,
Katleen,9,
Katre,662,
Katre-Liis,7,
Katreen,11,
Katren,9,
Katri,512,
Katri-Helena,5,
Katri-Liis,9,
Katria,8,
Katriin,343,
Katriina,31,
Katriine,14,
Katrin,5336,
Katrina,224,
Katrine,8,
Katry,11,
Katrīna,6,
Katti,34,
Kattre,14,
Kattri,13,
Kattrina,5,
Katty,6,
Katy,12,
Kauni,4,4
Kauno,,6
Kaupo,,910
Kaur,,771
Kaur-Erik,,5
Kauri,,216
Kauro,,17
Kayla,5,
Kaysa,7,
Kazimir,,23
Kea,68,
Kedi,21,
Kedli,5,
Kedy,13,
Keete,13,
Keia,7,
Keida,6,
Keidi,175,
Keido,,25
Keidy,86,
Keijo,,197
Keiju,9,
Keili,199,
Keilin,12,
Keily,54,
Keimo,,30
Kein,,8
Keio,4,135
Keir,5,32
Keiri,26,
Keirin,11,
Keiro,,71
Keiron,,6
Keisi,11,
Keisy,5,
Keit,115,109
Keith,17,74
Keithi,9,
Keithlin,5,
Keithlyn,5,
Keithy,10,
Keiti,206,
Keitlin,152,
Keitlyn,29,
Keito,,23
Keitrin,8,
Keity,95,
Keiu,182,
Keivo,,13
Kelian,16,
Kelin,23,
Kelina,6,
Kelis,16,
Kelli,422,
Kelly,641,
Kelvin,,28
Ken,,362
Ken Marten,,9
Ken Martti,,5
Ken-Marten,,24
Ken-Martti,,15
Ken-Martin,,23
Kenar,,12
Kender,,19
Kendra,180,
Kendro,,12
Kene,10,
Keneli,21,
Kenely,10,
Kenert,,167
Kenerth,,11
Kenet,,40
Keneth,,18
Kenn,,15
Kennar,,8
Kennert,,81
Kennet,,146
Kenneth,,316
Kenno,,151
Kenny,4,8
Kenor,,19
Kenri,,10
Kent,,54
Kenter,,11
Kenti,,10
Kerda,36,
Kerdi,24,
Kerdo,,151
Keret,9,4
Kerhard,,5
Kerili,10,
Kerit,10,4
Kerle,24,
Kerli,1521,4
Kerlin,88,
Kerly,144,
Kerlyn,12,
Kermo,,584
Kerri,9,11
Kerrit,4,4
Kerry,7,5
Kersten,6,14
Kersti,2729,
Kerstin,250,
Kert,12,989
Kerta,9,
Kerten,,20
Kerth,,7
Kerti,78,4
Kerto,4,26
Kertrud,11,
Kertti,11,
Kerttu,462,
Kerttu-Liis,9,
Kertu,1195,
Kertu Liisa,5,
Kertu-Liina,5,
Kertu-Liis,18,
Kertu-Liisa,7,
Kerty,8,
Kervin,,14
Kessu,16,
Ketelin,10,
Ketely,10,
Keterin,5,
Keterli,7,
Ketevan,9,
Kethlin,12,
Kethrin,5,
Ketli,17,
Ketlin,357,
Ketly,26,
Ketlyn,37,
Ketri,17,
Ketriin,46,
Ketrin,92,
Ketryn,6,
Ketter,87,
Ketty,6,
Keven,,56
Kevin,,2154
Kevin-Martin,,6
Kevo,,7
Kevor,,15
Kevyn,,12
Kevın,,2154
Kewin,,6
Key,6,4
Keyt,4,4
Keyth,4,4
Kirsi,116,
Kiara,23,
Kiira,228,
Kiiri,15,
Kille,17,
Killu,63,
Killy,5,
Kim,13,61
Kimberly,25,
Kimm,,5
Kimmo,,45
Kira,288,
Kiril,,27
Kirill,,2022
Kirils,,9
Kirke,561,
Kirkke,9,
Kirli,16,
Kirsi,116,
Kirsika,222,
Kirsten,11,4
Kirsti,277,
Kirstin,19,
Kirti,25,
Kiti,6,
Kitty,14,
Kiur,,88
Klaara,67,
Klaarika,142,
Klaid,,27
Klaire,31,
Klara,163,
Klarika,89,
Klaudia,52,
Klaus,,77
Klavdia,316,
Klea,9,
Kleer,17,
Kleiri,5,
Klelia,7,
Klemet,,9
Klen,,25
Klim,,51
Klára,5,
Knut,,14
Koida,6,
Koidu,408,5
Koidula,298,
Koit,4,568
Konrad,,79
Konstantin,,2196
Konstantinos,,6
Kostiantyn,,32
Kredi,6,
Kreet,26,
Kreeta,17,
Kreete,148,
Kreetel,8,
Kregor,,71
Kren,,33
Krestina,14,
Kreta,5,
Krete,96,
Kretel,13,
Kreteli,6,
Kretlin,9,
Krettel,10,
Kristiina,2862,
Kris,30,174
Kris Markus,,9
Kris-Sten,,11
Kristina,4051,
Krisete,16,
Krisette,16,
Krisli,21,
Krislin,176,
Krisly,5,
Krislyn,28,
Krismar,,16
Kriss,9,5
Krisse,4,4
Krissu,5,
Krista,1852,
Kristan,,6
Kristaps,,15
Kriste,31,
Kristel,2401,4
Kristel-Liis,8,
Kristeli,11,
Kristella,157,
Kristelle,136,
Kristen,26,297
Krister,4,183
Kristhel,7,
Kristi,3251,4
Kristi-Maria,5,
Kristian,,431
Kristiane,5,
Kristiin,125,
Kristiina,2862,
Kristiina-Maria,6,
Kristiine,244,
Kristin,939,4
Kristina,4051,
Kristine,193,
Kristjaana,6,
Kristjan,,4377
Kristjan Erik,,11
Kristjan Jaak,,10
Kristjan Markus,,5
Kristjan Martin,,6
Kristjan-Erik,,12
Kristlin,30,
Kristlyn,8,
Kristo,,2000
Kristofer,,903
Kristoffer,,9
Kristopher,,34
Kristy,28,
Kristyn,7,
Kristýna,8,
Kristīne,22,
Krõõt,44,
Ksenia,1221,
Kseniia,53,
Ksenija,536,
Kseniya,37,
Ksenja,66,
Kuno,,217
Kudrun,5,
Kuido,,223
Kuldar,,519
Kulder,,7
Kulla,94,
Kullar,,34
Kulle,4,4
Kullo,,19
Kulno,,69
Kulvo,,6
Kunnar,,163
Kuno,,217
Kurmet,,45
Kurmo,,25
Kusta,,14
Kustas,,35
Kustav,,35
Kusti,,70
Kutt,,8
Kuuno,,69
Kylli,9,
Kyrylo,,11
Kädi,193,
Käbi,5,
Käde,9,
Kädi,193,
Kädi-Liis,15,
Kädi-Ly,7,
Kädli,9,
Kädvi,5,
Kädy,20,
Kärol,97,
Kärolain,7,
Käroli,50,
Käroliis,5,
Kärolin,139,
Käroly,18,
Kärolyn,10,
Kärt,802,4
Käsper,,19
Käthi,7,
Käthlin,67,
Käthlyn,9,
Käthriin,5,
Käthrin,6,
Käthy,11,
Käti,46,
Kätleen,6,
Kätli,11,
Kätliin,17,
Kätlin,1849,
Kätly,6,
Kätlyn,92,
Kätri,16,
Kätriin,213,
Kätrin,116,
Kättlin,6,
Kätty,9,
Käty,21,
Kõu,,13
Külle,25,4
Külli,2093,
Küllike,481,
Külliki,281,
Küllikki,15,
Küllo,,34
Külly,15,
Künter,,23
Li,36,4
Ly,1015,
Laas,,25
Lada,98,
Lagle,100,
Laidi,88,
Laila,80,
Laile,12,
Laili,95,
Laima,37,
Laina,16,
Laine,2312,
Laire,20,
Laive,5,
Laivi,166,
Lala,5,
Lana,72,
Lara,48,
Larisa,728,
Larissa,2498,
Lars,,88
Lars-Erik,,8
Larysa,55,
Lasse,,59
Laur,,236
Laura,3059,
Laura Elisabeth,6,
Laura Helena,13,
Laura Johanna,13,
Laura Liis,33,
Laura Liisa,54,
Laura Lotta,7,
Laura Marleen,7,
Laura Sofia,9,
Laura-Eliise,9,
Laura-Liis,107,
Laura-Liisa,164,
Laura-Lisete,7,
Laura-Lisette,23,
Laura-Maria,28,
Laura-Marie,11,
Laura-Liis,107,
Laura-Maria,28,
Laure,9,
Laureen,97,
Laurell,10,
Lauren,93,4
Laurent,,5
Laurete,18,
Lauretta,5,
Laurette,16,
Lauri,,2453
Lauriin,7,
Lauris,,17
Laurits,,40
Laurynas,,6
Lavrenti,,14
Lea,2262,
Leaanika,7,
Leana,123,
Leandra,43,
Leane,19,
Leanika,27,
Leanne,14,
Lee,129,4
Leegi,18,
Leele,13,
Leeli,14,
Leelia,18,
Leelo,319,
Leemet,,20
Leen,32,
Leena,257,
Leene,22,
Leeni,88,
Leenu,19,
Leeve,23,
Leevi,26,47
Lehar,,60
Lehi,6,
Leho,,302
Lehte,523,
Lehti,161,
Leia,18,
Leida,1459,
Leie,29,
Leiger,,18
Leigi,9,
Leiki,12,4
Leila,257,
Leili,1583,
Leina,12,
Leini,52,
Leino,,117
Leiu,37,
Leivi,11,4
Leivo,,20
Lela,7,
Lelde,6,
Lele,15,
Lelet,16,
Lelo,5,
Lembe,73,
Lembi,231,4
Lembit,,2351
Lembitu,,64
Lembo,,28
Lemme,72,4
Lemmi,112,
Lena,61,
Lenar,,14
Lenard,,5
Lene,22,
Lenel,10,4
Lenka,9,
Lenna,336,
Lennar,,22
Lennard,,18
Lennart,,306
Lenne,68,
Lenneli,10,
Lenno,,40
Leo,,987
Leon,,172
Leona,23,
Leonard,,117
Leonardo,,37
Leonhard,,162
Leonid,,1678
Leonoore,5,
Leonora,109,
Leopold,,36
Lera,6,
Lesia,5,
Lesja,19,
Lesya,10,
Lev,,482
Levi,,9
Levis,,7
Levo,,11
Levon,,23
Leyla,6,
Li,36,4
Lia,549,
Liam,,18
Liana,364,
Liane,52,
Lida,18,
Lidia,1697,
Lidiia,63,
Lidija,116,
Lidiya,48,
Liene,16,
Liga,11,
Ligita,7,
Lii,526,
Liia,1152,
Liia-Mai,5,
Liidi,73,
Liidia,1814,
Liile,11,
Liili,136,
Liilia,454,
Liilian,29,
Liilija,16,
Liilika,12,
Liilja,12,
Liiljan,6,
Liina,2614,
Liina-Liis,5,
Liina-Mai,8,
Liina-Maria,6,
Liine,40,
Liis,2341,
Liis Marii,19,
Liis-Beth,12,
Liis-Maria,5,
Liis-Marie,8,
Liis-Marii,47,
Liis-Marleen,10,
Liisa,1559,
Liisa Grete,5,
Liisa Johanna,7,
Liisa Lotta,14,
Liisa Maria,33,
Liisa Marie,15,
Liisa-Lotta,30,
Liisa-Lotte,11,
Liisa-Maria,44,
Liisa-Marie,21,
Liisbet,238,
Liisbeth,174,
Liise,88,
Liise-Marie,5,
Liisgren,6,
Liisi,1170,
Liispet,10,
Liisu,104,
Liivar,,35
Liive,14,
Liivi,1250,
Liivia,266,
Liivika,92,
Liivo,,62
Liiza,9,
Lija,65,
Lika,31,
Lili,108,
Lilia,844,
Lilian,604,4
Liliana,125,
Lilii,6,
Lilija,165,
Lilika,10,
Lilit,22,
Lilith,11,
Liliya,123,
Lilja,121,
Liljan,11,
Lill,6,
Lille,121,
Lilli,272,
Lilly,12,
Lilo,5,
Lily,192,
Lilya,10,
Lilyan,10,
Lima,9,
Lina,70,
Linas,,9
Linda,2887,
Linda Johanna,7,
Linda Maria,20,
Linda-Marie,10,
Linell,15,
Linnar,,30
Lisa,55,
Lisa Marie,20,
Lisa-Marie,6,
Lisandra,598,
Lisann,65,
Lisanna,248,
Lisanne,103,
Lisbet,22,
Lisbeth,74,
Lisell,61,
Lisella,9,
Liselle,102,
Liset,41,
Lisete,363,
Liseth,12,
Lisethe,18,
Lisett,155,
Lisette,661,
Lissandra,16,
Lissel,21,
Lissi,15,
Lissy,5,
Liubov,1146,
Liudmila,2159,
Liudmyla,90,
Liv,5,
Livia,95,
Livija,5,
Livika,7,
Livio,,18
Liy,12,
Liya,26,
Liza,32,
Lizbeth,6,
Lizeth,5,
Lizett,14,
Lizette,47,
Ljuba,24,
Ljubomir,,10
Ljubov,2885,
Ljudmila,3504,
Ljuda,8,
Ljudmila,3504,
Ljudmilla,2520,
Lo,5,
Loa,7,
Loide,7,
Lola,55,
Lolita,60,
Lona,11,
Lonni,20,
Loo,10,
Loola,19,
Loona,42,
Loone,12,4
Loora,79,
Loore,341,
Loore-Ly,5,
Lora,39,
Lore,22,
Loreen,83,
Loreena,8,
Loreida,109,
Loren,7,
Lorena,32,
Lorenzo,,20
Loreta,37,
Loretta,48,
Lorette,22,
Lorita,13,
Lota,35,
Lotta,48,
Lotte,30,
Louis,,7
Louise,10,
Loviisa,72,
Loviise,103,
Lovisa,11,
Luana,6,
Lubov,5,
Lubova,8,
Luca,4,39
Lucas,,103
Lucia,41,
Lucy,5,
Ludmila,81,
Ludmilla,831,
Ludvig,,30
Lui,,31
Luigi,8,13
Luis,,14
Luisa,141,
Luise,133,
Luiza,80,
Luka,,69
Lukas,,240
Luke,,7
Lumi,18,
Lumme,16,
Luna,22,
Lusine,9,
Luukas,,46
Luule,1230,
Ly,1015,
Ly-Ann,5,
Ly-Sandra,34,
Lya,73,
Lyana,9,
Lyanne,6,
Lydia,237,
Lylian,8,
Lysandra,54,
Lysanne,6,
Lysette,11,
Lyubov,84,
Lyudmila,141,
Lyyli,6,
Lüüli,53,
Līga,12,
Mari,1877,
Marko,,3881
Mihail,,355
Marika,3173,
Maaja,233,
Maali,20,
Maanus,,110
Maara,15,
Maare,49,
Maarek,,139
Maari,26,
Maaria,26,
Maarian,6,4
Maarika,1181,
Maario,,98
Maarion,4,6
Maaris,36,20
Maarit,146,
Maarius,,34
Maarja,1851,
Maarja Liis,12,
Maarja-Liis,144,
Maarja-Liisa,82,
Maarja-Ly,7,
Maarja-Liis,144,
Maarjaliis,6,
Maarjan,8,
Maarjo,,50
Maarten,,7
Maciej,,7
Madara,11,
Made,145,
Madeleine,13,
Madina,20,
Madis,,2664
Madle,15,
Madleen,51,
Madlen,15,
Madlena,5,
Madli,419,
Madli Ann,5,
Madli-Mai,5,
Mae,98,
Magda,88,
Magdaleena,8,
Magdalina,17,
Magnar,,57
Magne,4,7
Magnus,,414
Mahmoud,,7
Mai,971,4
Mai-Brit,6,
Mai-Liis,104,
Mai-Liis,104,
Mai-Ly,10,
Maia,998,
Maia-Liisa,18,
Maia-Liisa,18,
Maian,10,
Maibel,11,
Maibi,12,
Maibritt,6,
Maicel,,8
Maico,,5
Maidi,11,4
Maido,,347
Maidu,4,209
Maie,3652,
Maie-Liis,8,
Maiga,73,
Maigar,,6
Maige,42,
Maigi,183,
Maigo,,19
Maigret,4,5
Maigrit,8,
Maija,99,
Maija-Liisa,7,
Maiju,11,
Maik,,67
Maike,66,
Maikel,4,95
Maiken,163,8
Maiker,,10
Maiki,69,4
Maikki,7,4
Maikko,,7
Maikl,,21
Maiko,,122
Maila,330,
Maile,99,
Maileen,10,
Maili,409,
Mailiis,39,
Mailika,26,
Mailin,6,
Mailis,255,4
Maily,19,
Maima,8,
Maime,71,
Maimo,211,
Maimu,1357,
Maini,8,
Maio,7,
Maira,20,
Maire,2221,
Mairi,292,
Mairiin,13,
Mairika,27,
Mairis,37,7
Mairit,69,
Mairo,4,364
Mairold,,181
Mairon,4,101
Mait,,954
Maiu,342,
Maive,238,
Maivi,56,
Maivo,,6
Maja,42,
Maks,,25
Maksim,,3863
Maksimilian,,43
Maksims,,28
Maksym,,78
Malev,,9
Malik,,6
Malika,19,
Malin,6,
Mall,570,
Malle,3114,
Mallor,,30
Malve,40,
Malvi,11,
Malvina,20,
Malvo,,9
Mane,4,4
Manfred,,41
Mango,,10
Manivald,,38
Mann,6,
Manni,17,
Mansur,,5
Mantas,,9
Manuel,,32
Manuela,14,
Martin,,6391
Mara,14,
Marat,,181
Marc,,47
Marcel,,48
Marcela,6,
Marcella,24,
Marcello,,6
Marco,,189
Marcos,,69
Marcus,,549
Marden,,10
Mardo,,80
Mare,3211,
Mare-Anne,12,
Mare-Liis,16,
Marec,,12
Mareike,10,
Marek,,3012
Mareks,,12
Mareli,22,
Marell,10,
Marella,11,
Marelle,181,
Marely,10,
Maren,64,6
Maret,1724,
Margareeta,8,
Margaret,167,
Margareta,45,
Margareth,55,
Margarethe,5,
Margarita,1921,
Marge,1569,
Marger,,15
Margery,6,
Marget,78,
Margi,33,
Margis,19,4
Margit,2362,
Margita,15,
Margitta,12,
Margo,22,987
Margot,374,4
Margret,50,
Margrit,5,
Margus,,5287
Margut,6,4
Mari,1877,
Mari Ann,23,
Mari Liis,28,
Mari-Ann,221,
Mari-Anna,17,
Mari-Anne,72,
Mari-Helen,6,
Mari-Leen,25,
Mari-Lii,15,
Mari-Liis,1163,
Mari-Liisa,7,
Mari-Ly,37,
Mari-Mall,7,
Mari-Ann,221,
Mari-Liis,1163,
Mari-Liisa,7,
Mari-Ly,37,
Mariliis,652,
Maria,7784,
Maria Elisa,10,
Maria Elisabeth,18,
Maria Helena,32,
Maria Kristiina,8,
Maria Liisa,7,
Maria Teresa,5,
Maria-Aleksandra,5,
Maria-Elisabeth,14,
Maria-Elizabeth,7,
Maria-Helena,27,
Maria-Helene,6,
Maria-Kristiina,10,
Maria-Liisa,23,
Maria-Liisa,23,
Mariaana,8,
Mariam,55,
Marian,243,19
Mariana,175,
Mariane,9,
Mariann,360,
Marianna,503,
Marianne,756,
Mariano,,5
Maribel,286,
Maribell,17,
Marica,6,
Marie,600,
Marie Elisabeth,12,
Marie Helene,13,
Marie-Eliise,9,
Marie-Helene,15,
Marie-Liis,5,
Mariel,137,
Mariela,9,
Mariell,55,
Mariella,23,
Marielle,73,
Marieta,11,
Mariete,40,
Marietta,59,
Mariette,65,
Marii,330,
Marii Heleen,13,
Marii Marleen,5,
Marii-Heleen,24,
Mariia,214,
Mariika,8,
Mariin,77,
Mariina,95,
Marija,574,
Marijana,9,
Marika,3173,
Marike,29,
Mariken,17,
Mariko,16,4
Marileen,27,
Marili,247,
Marilii,16,
Mariliin,12,
Mariliis,652,
Marilin,248,
Marilis,45,
Marily,72,
Marilyn,94,
Marin,184,4
Marina,5844,
Marine,17,
Marino,,10
Mario,4,849
Marion,251,33
Maris,1745,23
Marisabel,5,
Marissa,30,
Marit,648,4
Marita,153,
Maritana,14,
Marite,158,
Maritta,34,
Marius,,174
Mariya,104,
Mariza,6,
Marja,119,
Marja-Liisa,70,
Marja-Liisa,70,
Marjaana,22,
Marjaliisa,8,
Marjam,20,
Marjan,10,18
Marjana,157,
Marjanna,8,
Marjanne,37,
Marje,1228,
Marjen,9,
Marjeta,8,
Marjete,9,
Marjette,14,
Marjo,20,10
Marju,1530,
Marjut,8,
Mark,,1760
Mark Erik,,18
Mark-Daniel,,5
Marke,12,4
Markel,,46
Marken,,64
Marki,6,
Markko,,175
Markkos,,7
Markku,,25
Markkus,,149
Marko,,3881
Markos,,53
Marks,,8
Marku,,6
Markus,,2281
Markus Erik,,16
Markus Oliver,,9
Markéta,6,
Marlee,11,
Marleen,790,
Marleene,10,
Marlen,137,
Marlene,40,
Marliin,10,
Marliis,41,
Marlin,11,
Marlis,13,
Marlon,,60
Marnet,,17
Marno,,18
Marri,8,
Marrit,14,
Marsella,11,
Mart,,2696
Mart Hendrik,,5
Marta,1172,
Marta Liisa,19,
Marta Luisa,5,
Marta Marie,10,
Marta Mia,12,
Marta-Liisa,10,
Marten,,1336
Martha,83,
Marthen,,21
Marti,,213
Martiina,23,
Martin,,6391
Martina,94,
Martine,6,
Martins,,6
Martis,,10
Marto,,5
Martten,,33
Martti,,527
Maru,4,45
Maruta,8,
Marve,180,
Marvel,4,7
Marven,,8
Marvi,132,
Marvin,,124
Mary,49,
Mary-Liis,24,
Mary-Ly,5,
Maryam,12,
Maryana,11,
Marylin,11,
Maryna,50,
Marys,5,
Mateusz,,5
Matheus,,5
Mathias,,336
Mathilda,22,
Mathilde,17,
Mathis,,7
Mati,,3594
Matias,,29
Matilda,84,
Matilde,27,
Matis,,160
Mats,,86
Matt,,6
Matten,,9
Matteo,,39
Matteus,,18
Matthew,,15
Matthias,,162
Matti,,503
Mattias,,1046
Mattis,,71
Matvei,,491
Mauno,,66
Mauri,,99
Maurice,,5
Mauris,,17
Maurizio,,5
Max,,67
Maxim,,520
Maximilian,,52
Maximus,,18
Maya,71,
Mayro,,5
Merilin,974,
Meedi,56,
Meel,4,4
Meeli,572,
Meeli-Mari,5,
Meelik,,14
Meelika,130,
Meelike,85,
Meelimari,6,
Meelis,,3464
Meeri,291,
Meery,12,
Meeta,177,
Megan,7,
Mehis,,346
Mehmet,,8
Mei,5,
Meidi,12,4
Meido,,12
Meigo,,44
Meike,5,
Meiko,,25
Meila,6,
Meili,15,
Meino,,10
Melani,124,
Melanie,73,
Melanija,5,
Melany,50,
Melar,,9
Meleri,5,
Melian,5,
Meliina,7,
Meliita,7,
Melika,12,
Melina,26,
Melinda,33,
Melis,4,4
Melisa,8,
Melissa,372,
Melita,40,
Meljo,,7
Melvin,,19
Mercedes,12,
Mereli,10,
Merelin,7,
Merelle,23,
Meret,14,4
Merete,17,
Merge,22,
Mergit,5,
Mergo,,13
Meri,28,
Meri-Liis,13,
Meri-Ly,12,
Meri-Liis,13,
Merian,11,
Meribel,389,
Meribell,29,
Merike,3247,
Meril,61,
Merileid,14,
Merilen,8,
Merili,616,
Merilii,25,
Meriliin,26,
Meriliis,153,
Merilin,974,
Merilis,7,
Merille,10,
Merily,371,
Merilyn,256,
Merino,,6
Meris,4,16
Merit,622,
Merita,11,
Merite,8,
Merith,7,
Merja,23,
Merje,518,
Merju,8,
Merke,10,
Merko,,16
Merle,2669,
Merleen,12,
Merlen,5,
Merli,381,
Merliin,11,
Merliis,9,
Merlika,6,
Merlin,528,4
Merlis,12,39
Merly,65,
Merlyn,101,
Merrit,17,
Merry,6,
Mert,,9
Merve,10,
Mervet,6,
Mervi,21,
Mervin,,7
Mery,13,
Mery-Liis,8,
Mery-Liis,8,
Mery-Ly,5,
Meryl,20,
Merylin,29,
Meryt,6,
Mesike,12,
Meta,58,
Mete,5,4
Mette,22,
Mikk,,1210
Mia,733,
Mia Brit,7,
Mia Elise,7,
Mia Mai,12,
Mia Maria,56,
Mia Marta,15,
Mia-Mari,5,
Mia-Marleen,17,
Michael,,161
Michaela,19,
Michal,7,14
Michał,,5
Michel,4,16
Michele,7,13
Michell,14,
Michelle,80,
Mick,,10
Miguel,,14
Mihael,,12
Mihai,,5
Mihail,,355
Mihhail,,3440
Mihkel,,2975
Miia,329,
Miia Maria,12,
Miia-Mai,8,
Miikael,,53
Miina,194,
Mija,7,
Mik,,6
Mika,4,10
Mikael,,79
Mikaela,17,
Mike,,42
Mikhail,,1363
Mikheil,,8
Mikk,,1210
Mikko,,82
Miko,,132
Mikola,,12
Miku,4,11
Mila,64,
Milada,10,
Milan,,63
Milana,754,
Milda,54,
Mileen,8,
Milen,7,4
Milena,324,
Militsa,8,
Milja,67,
Milla,56,
Milli,54,
Milo,,6
Milvi,2312,
Minna,80,
Minna-Maria,5,
Minni,45,
Mira,47,
Mirabel,15,
Miralda,127,
Mircea,,5
Mirek,,26
Mirel,37,
Mirell,378,
Mirella,11,
Mirelle,119,
Miret,7,
Mirette,6,
Mirge,5,
Mirgo,,14
Miriam,64,
Mirit,9,
Mirja,102,
Mirjam,941,
Mirje,99,
Mirka,4,4
Mirkko,,24
Mirko,,252
Mirle,16,
Miron,,330
Miroslav,,114
Miroslava,104,
Mirra,20,
Mirt,30,4
Mirta,10,
Mirtel,585,
Mirvet,5,
Mishel,6,
Mohamed,,13
Mohammad,,7
Mohammed,,5
Mona,149,
Monica,181,
Monika,1716,
Moona,30,
Mooni,6,
Moonica,6,
Moonika,755,
Morgan,,22
Moris,,16
Morris,,38
Morten,,127
Mstislav,,8
Muhammad,,6
Murad,,14
Murat,,16
Murel,10,
Mustafa,,10
Mykhailo,,128
Mykola,,250
Mykyta,,14
Märt,,1257
Märten,,222
Märtin,,28
Mārtiņš,,13
Naatan,,17
Nadejda,30,
Nadezda,567,
Nadezhda,1090,
Nadežda,3861,
Nadia,34,
Nadiia,76,
Nadine,9,
Nadiya,14,
Nadja,24,
Nadya,6,
Nail,,32
Nailja,32,
Nailya,7,
Naim,,6
Naima,221,
Nana,23,
Nancy,19,
Nansy,5,
Naomi,29,
Narek,,5
Nargiz,6,
Narine,10,
Nastasja,15,
Nastassia,9,
Nastja,11,
Natalja,7542,
Nata,7,
Natalja,7542,
Natali,155,
Natalia,4151,
Natalie,69,
Nataliia,137,
Natalija,293,
Nataliya,247,
Natalja,7542,
Natallia,27,
Nataly,62,
Natalya,130,
Natan,,19
Natasha,7,
Natela,12,
Natella,13,
Nathali,6,
Nathalie,9,
Nathan,,17
Nathaniel,,8
Natālija,5,
Nazar,4,41
Neeme,4,374
Neenu,5,
Neidi,47,4
Neil,,17
Neili,7,
Nele,738,
Nele-Liis,61,
Nele-Ly,9,
Nele-Riin,6,
Nele-Triin,6,
Nele-Liis,61,
Neleri,8,
Nelet,11,
Neli,9,
Nelja,148,
Nella,37,
Nelle,20,
Nelli,625,
Nelly,102,
Nellya,19,
Nemo,,10
Nerijus,,6
Nete,12,
Neti,6,
Neve,14,
Nevel,8,4
Nicholas,,21
Nick,,9
Nicol,14,
Nicola,4,14
Nicolas,,51
Nicole,264,
Niina,4004,
Niilo,,18
Niina,4004,
Nijole,12,
Nika,178,4
Nikita,4,2661
Niklas,,32
Niko,,6
Nikol,100,
Nikola,7,8
Nikolai,,4470
Nikolas,,46
Nikolay,,2148
Nikon,,14
Nil,,11
Nils,,98
Nina,2462,
Ninel,92,
Nino,19,4
Nizami,,8
Noel,,20
Noelia,5,
Nona,20,
Nonna,82,
Noomi,7,
Noora,79,
Nora,444,
Nora-Liis,9,
Norbert,,27
Norman,,151
Novella,6,
Nurmi,,6
Olga,10820,
Olja,12,
Ode,13,
Oili,6,
Ojar,,24
Oksana,2159,
Oktai,,6
Olaf,,109
Olar,,49
Olari,,239
Olav,,264
Olavi,,478
Ole,,19
Olesja,736,
Oleg,,4890
Olegs,,26
Oleksandr,,544
Oleksandra,50,
Oleksiy,,27
Olena,202,
Olesia,26,
Olesja,736,
Olesya,99,
Olev,,1416
Olga,10820,
Olger,,44
Olgerd,,6
Olha,35,
Oliivia,23,
Olive,5,
Oliver,,2371
Olivia,324,
Olivija,7,
Olja,12,
Olle,4,91
Olli,66,4
Olly,9,
Olvi,47,4
Omar,,81
Omari,,13
Oole,,9
Oona,7,
Orm,,24
Ormes,,15
Ormi,,10
Ornella,5,
Orvi,17,4
Orvo,,11
Oscar,,106
Oskar,,1318
Oskars,,11
Ostap,,9
Osvald,,132
Ott,,827
Ott-Kaarel,,7
Ott-Sander,,9
Otto,,386
Ottomar,,43
Ove,,163
Owe,,8
Oxana,302,
Paap,,22
Paavo,,274
Pablo,,14
Palle,,5
Palmi,59,
Pamela,41,
Paola,9,
Paolo,,34
Pascal,,5
Patric,,14
Patricia,34,
Patrick,,263
Patrik,,130
Paul,,1162
Paul Aleksander,,6
Paul Oskar,,6
Paula,296,
Pauliina,15,
Pauliine,47,
Paulina,38,
Pauline,54,
Paulius,,8
Pavel,,3116
Pavlo,,98
Pawel,,7
Pearu,,28
Pedro,,13
Peedu,,151
Peep,,978
Peet,,51
Peeter,,4105
Pekka,,13
Pelle,,46
Pent,,15
Pentti,,6
Pepe,,5
Perit,16,
Pert,4,21
Pertti,,22
Peter,,189
Petr,,363
Petra,52,
Petri,,24
Petrik,,16
Petro,,111
Philip,,24
Philipp,,38
Pia,63,
Pierre,,6
Pietro,,8
Pihla,7,
Piia,644,
Piibe,77,
Pille,2546,
Pille-Riin,287,
Pille-Riina,8,
Pille-Triin,19,
Pille-Riin,287,
Pilleriin,139,
Pillerin,14,
Pilve,28,
Pilvi,408,
Piotr,,21
Pipi,5,
Piret,3503,
Pirge,11,
Pirgit,86,
Pirja,5,
Pirje,77,
Pirjo,93,
Pirke,7,
Pirkko,13,4
Pirko,13,6
Pjotr,,915
Platon,,142
Polina,1401,
Praskovja,72,
Preedik,,6
Priidik,,71
Priido,,9
Priidu,,129
Priit,,3552
Prohor,,13
Pyotr,,100
Päivi,27,
Pärja,92,
Pärl,8,
Pärli,16,
Pärt,,66
Pärtel,,166
Päär,,6
Päärn,,15
Pääsu,12,
Pēteris,,7
Ra,,11
Ra,,11
Raahel,13,
Raaja,12,
Raavo,,31
Rachel,23,
Rada,26,
Radik,,15
Radmila,17,
Radu,,5
Rael,56,4
Rafael,,125
Rafik,,18
Rage,6,
Ragle,5,
Ragna,26,
Ragnar,,1160
Ragne,382,4
Ragner,,27
Ragnis,,7
Rahel,161,
Raho,,13
Rai,,5
Raian,,45
Raid,,18
Raida,18,
Raidar,,15
Raidi,33,4
Raido,,1332
Raigar,,5
Raigi,5,4
Raigo,,722
Raik,,24
Raiki,4,37
Raiko,,465
Raila,10,
Raile,19,
Raili,1044,
Railis,9,6
Railo,,11
Raily,26,
Raim,,11
Raima,6,
Raimi,4,9
Raimo,,845
Raimond,,649
Raimondas,,8
Raimonds,,13
Raimu,,56
Raimund,,44
Rain,,1684
Raina,161,4
Rainar,,75
Raine,48,12
Rainek,,5
Rainer,,1691
Rainet,,14
Raini,13,58
Rainis,,348
Raino,,166
Raio,,17
Rais,,15
Raisa,693,
Raissa,1217,
Rait,,873
Raivi,7,18
Raivis,,7
Raivo,,3434
Raja,118,
Rajar,,6
Raju,,8
Rajur,,7
Raksana,5,
Raldi,4,12
Raldo,,15
Ralf,,486
Ralph,,11
Ramazan,,10
Rami,,11
Ramil,,68
Ramilja,14,
Ramin,,14
Ramis,,7
Ramiz,,16
Ramo,,16
Ramol,,6
Ramon,,208
Ramona,40,
Ramses,,35
Ranar,,31
Randar,,116
Randel,,159
Rando,,931
Randolf,,14
Randon,,8
Randor,,9
Randu,,9
Randy,4,38
Rane,11,
Ranek,,32
Ranel,,98
Raneli,22,
Ranely,9,
Ranet,,67
Rannar,,93
Rannel,,11
Ranner,,18
Rannes,,6
Rannet,,13
Ranno,,375
Rannu,,6
Rannus,,13
Rano,6,6
Ranol,,11
Raol,,13
Raoul,,51
Raphael,,6
Raquel,10,
Rasa,8,
Rashid,,6
Rasim,,9
Rasma,11,
Rasmus,,2548
Ratmir,,41
Rauf,,16
Raul,,2332
Rauli,,20
Raune,5,4
Rauni,7,13
Rauno,,1545
Rave,5,8
Ravel,,30
Raven,,23
Ravil,,42
Ravo,,31
Ray,,7
Rayan,,35
Rayen,,9
Raymond,,23
Regina,1190,
Rein,4,5218
Rea,51,4
Reana,5,
Rebeca,91,
Rebecca,193,
Rebecka,7,
Rebeka,231,
Rebekka,49,
Rednar,,16
Reeda,34,
Reedik,,42
Reele,18,
Reeli,146,
Reelia,8,
Reelika,1019,
Reemet,,32
Reemo,,32
Reena,136,
Reene,31,
Reeni,21,
Reenika,8,
Reeno,,33
Reesi,61,
Reet,2942,
Reeta,18,
Reete,6,
Regiina,82,
Regina,1190,
Regita,18,
Regle,15,
Regnar,,7
Rego,,30
Regon,,15
Regor,,23
Reho,,7
Rei,,7
Reido,,25
Reigo,,529
Reijo,,189
Reiko,,160
Reila,8,
Reile,6,
Reili,171,
Reilika,74,
Reilo,,5
Reily,10,
Reimo,,654
Reimond,,9
Rein,4,5218
Reina,8,
Reinar,,20
Reine,62,4
Reinhard,,22
Reinhold,,37
Reini,5,4
Reinika,5,
Reinis,,38
Reino,,226
Reio,,285
Reivo,,48
Rele,7,
Relia,8,
Reliia,5,
Relika,161,
Relina,5,
Reljo,,20
Rem,,17
Remi,,253
Remii,4,9
Remo,,268
Remy,4,139
Rena,82,
Renaldo,,43
Renar,,109
Renat,,127
Renata,201,
Renate,223,
Renato,,21
Rene,23,1436
Renee,4,360
Renek,,36
Renel,4,6
Reneli,10,
Renet,,74
Reniita,5,
Renita,46,
Renna,71,
Renne,4,4
Rennet,,10
Renno,,128
Reno,,170
René,,100
Reta,16,
Rete,7,
Reti,97,
Retti,7,
Rety,5,
Revo,,147
Revor,,10
Reymo,,10
Reyo,,5
Rhea,10,
Ria,8,
Riana,18,
Rica,19,
Ricardo,,29
Riccardo,,22
Ricco,,28
Richard,,901
Rick,,5
Rico,,246
Rigo,,17
Rihard,,210
Rihards,,13
Rihhard,,33
Riho,,1732
Rihu,,6
Riia,27,
Riido,,37
Riika,16,
Riiko,,16
Riimo,,5
Riin,404,
Riina,3435,
Riine,56,
Riinu,53,
Riio,4,6
Riita,75,
Riivo,,320
Rika,49,
Rikardo,,15
Riko,,220
Rille,15,
Rima,62,
Rimantas,,13
Rimma,525,
Rina,23,
Rinaldo,,63
Rinat,4,69
Rinata,10,
Rinell,8,
Ringa,34,
Ringo,,100
Rio,,9
Risanna,6,
Risko,,20
Riste,27,
Ristel,4,4
Ristjan,,18
Risto,,1421
Rita,1609,
Riti,34,
Ritta,40,
Rivo,,526
Robert,,2197
Roberta,53,
Robertas,,11
Roberto,,41
Roberts,,26
Robi,,95
Robin,4,1388
Roby,,16
Robyn,,13
Rocco,,58
Rode,,6
Rodion,,199
Rodrigo,,10
Roel,,6
Roger,,228
Rogert,,6
Rohan,,11
Roko,,11
Roksana,17,
Rolan,,38
Roland,,1101
Rolandas,,16
Rolando,,13
Rolands,,11
Rolf,,37
Rom,,9
Romario,,13
Roma,4,5
Roman,,4182
Romanas,,5
Romans,,16
Romario,,13
Romas,,23
Romek,,122
Romel,,27
Romeo,,85
Romero,,17
Romet,,1081
Romi,37,23
Romily,10,
Romina,11,
Rommi,4,59
Rommy,,10
Romy,4,9
Ron,,65
Ronald,,220
Ronaldo,,38
Ronan,,46
Roni,5,4
Ronja,139,
Ronnie,,6
Rooland,,23
Roomet,,140
Roosa,25,
Roosi,148,
Roosmarii,20,
Rosa,25,
Rosanna,138,
Rosanne,9,
Rosemarie,5,
Rosete,6,
Rosiine,7,
Rosina,12,
Rosine,12,
Rosita,5,
Rosmary,5,
Ross,,6
Rostislav,,141
Roven,,64
Rovshan,,6
Roxana,9,
Roy,,13
Roza,209,
Rozalia,25,
Ruben,,160
Rubert,,5
Rubo,,5
Ruby,6,
Rudi,,8
Rudolf,,465
Rufat,,5
Rufina,73,
Ruslan,,1315
Ruslana,79,
Rustam,,128
Rut,10,
Ruta,146,
Ruth,1023,
Rutha,6,
Ruti,76,
Rutmar,,12
Rutt,334,
Ruttar,,17
Rutti,18,
Ruuben,,119
Ruudi,,130
Ruudo,,9
Ruudu,5,4
Ruut,,9
Ruuta,17,
Ruve,4,37
Ruvim,,23
Ruzanna,9,
Ryan,,45
Räni,,8
Rünno,,173
Rūta,7,
Sander,,3202
Sergej,,37
Saale,77,
Saamuel,,56
Saara,184,
Sabiine,7,
Sabina,94,
Sabine,16,
Sabrina,67,
Said,,15
Saida,22,
Saila,5,
Saile,7,
Saima,663,
Saimon,,27
Sairos,,12
Salavat,,5
Sale,59,
Salima,7,
Salle,9,
Sally,11,
Salme,956,
Salome,10,
Salvador,,6
Sam,,7
Samanta,36,
Samantha,34,
Sami,,6
Samir,,22
Samuel,,274
Samvel,,13
Sanda,5,
Sander,,3202
Sandor,,63
Sandra,2188,
Sandra Helena,5,
Sandra Liisa,6,
Sandra-Liis,19,
Sandre,4,6
Sandro,,50
Sandy,4,4
Sanel,,5
Sanita,18,
Sanna,65,
Sanne,20,
Santa,24,
Sara,56,
Sarah,86,
Sarah Maria,10,
Sarkis,,8
Sarmite,8,
Sarra,13,
Sasha,4,5
Saskia,346,
Sass,,30
Saul,,10
Savva,,57
Scarlett,9,
Sebastian,,628
Sebastien,,5
Sebastjan,,6
Seidi,33,
Seido,,8
Seidy,7,
Seila,29,
Selena,56,
Selene,10,
Seleri,5,
Seliina,5,
Selina,25,
Selje,19,
Selma,299,
Semen,,63
Semjon,,247
Semyon,,9
Senni,50,
Senta,75,
Sepo,,21
Seppo,,6
Serafima,177,
Seren,8,4
Serena,25,
Serge,,8
Sergei,,10642
Sergej,,37
Sergejs,,74
Sergey,,3128
Serghei,,10
Sergii,,197
Sergio,,28
Sergiy,,77
Sergo,,115
Serhii,,133
Serle,7,
Serli,18,
Severi,,11
Sevil,15,
Sharon,15,4
Sheila,21,
Sheryl,8,4
Shirley,8,
Shota,,5
Sianda,5,
Signe,1475,
Sigmar,,110
Signe,1475,
Sigre,27,
Sigri,7,
Sigrid,913,
Sigrit,233,
Sigvard,,6
Siim,,2966
Siim Kaspar,,5
Siim Kristjan,,8
Siim Sander,,28
Siim-Erik,,8
Siim-Sander,,27
Siim-Sander,,27
Siimar,,5
Siimo,,47
Siimon,,22
Siimu,,8
Siina,68,
Siire,10,
Siiri,1549,
Siisi,8,
Siive,7,
Siivi,93,
Siivo,,14
Silja,692,
Siljar,,5
Silje,49,
Sille,494,
Sille-Riin,8,
Sillen,7,
Silleriin,9,
Silli,12,
Silvester,,33
Silva,513,
Silvar,,139
Silve,31,
Silver,,2065
Silvester,,33
Silvi,1897,
Silvia,1073,
Silvija,13,
Silvio,,7
Silvo,,12
Sima,7,
Simar,,9
Simmo,,109
Simo,,258
Simon,,239
Simona,256,
Simone,71,17
Sinaida,103,
Sindy,5,
Singa,5,
Sintija,7,
Sirel,14,
Sireli,41,
Sirelin,43,
Sirely,12,
Sirelyn,7,
Siret,772,
Sirgit,5,
Sirja,43,
Sirje,5241,
Sirkka,12,
Sirle,532,
Sirley,16,
Sirli,703,
Sirlika,6,
Sirlin,11,
Sirly,98,
Sirve,22,
Sirvi,17,
Sivert,,11
Sixten,,35
Slava,4,13
Slavik,,12
Snezhana,16,
Snežana,102,
Snežanna,20,
Sofi,46,
Sofia,1761,
Sofie,31,
Sofija,366,
Sofiko,5,
Sofiya,72,
Sofja,370,
Sofya,49,
Solveig,26,
Solvita,5,
Sona,9,
Sondra,8,
Sonia,25,
Sonja,127,
Sonya,9,
Sophia,112,
Sophie,51,
Spartak,,16
Stalina,19,
Stan,,6
Stanislav,,1720
Stas,,11
Stefan,,344
Stefani,75,
Stefania,72,
Stefanie,21,
Stefano,,37
Steffen,,20
Steffi,17,
Stefi,22,
Stein,,10
Stella,668,
Stella Marie,5,
Stella Victoria,5,
Stella-Maria,19,
Stella-Marii,5,
Stelle,10,4
Sten,,1407
Sten Erik,,47
Sten Marcus,,12
Sten Markus,,27
Sten Mattias,,8
Sten-Egert,,11
Sten-Erich,,10
Sten-Erik,,87
Sten-Kristjan,,10
Sten-Marcus,,10
Sten-Mark,,10
Sten-Markus,,43
Sten-Marten,,29
Sten-Erik,,87
Stenar,,28
Stener,,11
Stenly,,5
Stenver,,67
Stepan,,346
Stephanie,16,
Stephen,,6
Steve,4,91
Steven,,645
Stever,,26
Stevin,,7
Stevo,,8
Stig,,49
Stiina,77,
Stiine,5,
Stiiven,,7
Stina,110,
Stiv,,8
Stiven,,82
Styna,6,
Sulev,,1225
Sulo,,57
Sultan,,5
Sune,7,4
Susan,48,
Susann,18,
Susanna,267,
Susanne,47,
Suule,22,
Suusi,6,
Suvi,7,
Suzan,5,
Suzanna,25,
Svea,139,
Sven,,1561
Sven Erik,,22
Sven-Erik,,59
Sverre,,45
Svetlana,10283,
Sveta,8,
Svetlana,10283,
Sviatlana,13,
Sviatoslav,,9
Svitlana,146,
Svjatoslav,,100
Svyatoslav,,25
Swen,,15
Sylvia,39,
Säde,167,
Sälly,10,
Säsil,21,
Sölve,5,4
Sören,6,71
Sülvi,33,
Sünne,37,
Thea,247,
Triin,2815,
Taago,,57
Taaja,5,
Taali,16,
Taaniel,,167
Taave,,6
Taavet,,156
Taavi,,2500
Taavo,,131
Tage,4,4
Tagmar,4,9
Tagnar,,7
Tagne,14,
Tago,,21
Tahir,,7
Taivar,,10
Taigo,,14
Taiko,,9
Taile,5,
Taili,11,
Taima,46,
Taimar,,134
Taimi,958,
Taimo,5,253
Taimur,,5
Tair,,27
Taire,19,
Tairi,120,
Tairo,,49
Taisa,54,
Taisi,110,
Taisia,193,
Taisija,52,
Taisja,12,
Taissa,62,
Taissia,223,
Taissija,59,
Taisto,,53
Taisy,5,
Taivar,,10
Taive,55,
Taivi,99,4
Taivo,,959
Taja,14,
Tajo,,19
Tal,4,4
Talis,,105
Talvar,,11
Talvi,161,4
Talvo,,12
Tamar,7,34
Tamara,3922,
Tambet,,316
Tamila,19,
Tamilla,5,
Tamir,,5
Tammo,,12
Tamor,,14
Tamur,,55
Tamás,,6
Tanel,,2624
Taneli,,10
Tani,,6
Tania,8,
Taniel,,59
Tanja,44,
Tannar,,22
Tanno,,25
Tanya,5,
Taras,,47
Targo,,101
Tarja,11,
Tarko,,20
Tarmi,,7
Tarmo,,3759
Tarmu,,24
Tarvet,,7
Tarvi,,257
Tarvo,,641
Tatiana,2979,
Tatjana,10493,
Tatsiana,22,
Tatyana,178,
Tauno,,723
Taur,,8
Tauri,,727
Tauris,,9
Tauro,,7
Tave,4,7
Tavi,,8
Tavo,,42
Tea,477,
Ted,,5
Teddy,4,4
Teele,663,
Teelia,7,
Teemar,,20
Teemu,,6
Teesi,29,
Teet,,667
Teevi,25,4
Teili,20,
Teimuraz,,6
Teini,6,
Teisi,31,
Teivi,18,4
Teivo,,6
Tekla,16,
Telle,7,
Tene,53,
Teneli,12,
Tenno,,88
Teno,,19
Teo,,23
Teodor,,76
Tereese,13,
Teresa,73,
Terese,14,
Tereza,38,
Teri,7,
Terje,1606,4
Terle,17,
Terli,10,
Tero,,12
Terry,4,4
Terttu,7,
Tervo,,19
Tess,8,
Tessa,27,
Tetiana,148,
Tetjana,5,
Tetyana,33,
Tevo,,14
Thea,247,
Theo,,18
Theodor,,96
Theresa,34,
Therese,34,
Thomas,,203
Thor,,28
Tia,23,
Tiago,,7
Tiana,6,
Tibor,,9
Tiffany,12,
Tigran,,30
Tiia,2278,
Tiido,,16
Tiidu,,6
Tiina,5488,
Tiina-Mai,15,
Tiina-Mari,8,
Tiit,,3125
Tiiu,4599,
Tiivi,87,
Tim,,51
Timm,,11
Timmo,,119
Timmu,,52
Timo,,998
Timofei,,408
Timofey,,75
Timothy,,16
Timur,,534
Tina,24,
Tivo,,5
Tjorven,7,4
Tobias,,121
Toini,23,
Toivo,,2194
Tom,,127
Tomas,,111
Tomass,,8
Tomasz,,13
Tomi,,97
Tommaso,,10
Tommi,,27
Tommy,,34
Toms,,8
Tomy,,20
Tomáš,,13
Toni,4,46
Tonja,8,
Tony,,102
Toomas,,5817
Toomas Hendrik,,5
Tooni,17,
Torm,,18
Tormi,4,225
Tormis,,34
Trevon,,45
Trevor,,368
Triin,2815,
Triina,27,
Triine,54,
Triini,13,
Triinu,1294,
Triinu Liis,20,
Triinu-Liis,57,
Triinu-Mari,5,
Trine,8,
Trinity,21,
Tristan,,420
Tristen,,33
Tristjan,,28
Tuljo,,21
Tulvi,8,
Tural,,5
Tuudur,,7
Tuule,86,
Tuuli,676,
Tuulika,15,
Tuulike,25,
Tuuliki,51,
Tuulikki,18,
Tuve,,5
Tähe,9,
Tähte,28,
Tähti,45,
Tõiv,,14
Tõivo,,7
Tõnis,,1932
Tõnn,,48
Tõnno,,29
Tõnu,,3198
Tšeslav,,12
Udo,,297
Ugo,,10
Uko,,64
Uku,,641
Uldo,,5
Uliana,55,
Uljana,472,
Uljas,,18
Ulje,8,
Ulla,105,
Ulle,6,
Ulli,12,4
Ulna,11,
Ulrika,44,
Ulrike,17,
Ulvar,,61
Ulve,93,
Ulvi,859,4
Ulyana,24,
Umar,,6
Uno,,1129
Urbo,,10
Urho,,25
Urmas,,4433
Urme,18,
Urmet,,196
Urmi,21,5
Urmo,,438
Ursel,4,18
Ursula,308,
Urve,2465,
Urvi,24,
Ustina,9,
Uudo,,124
Uuno,,159
Uuve,14,8
Uve,16,34
Uwe,4,17
Vlad,,71
Vadim,,2337
Vadims,,17
Vadym,,64
Vadzim,,5
Vafa,4,5
Vahur,,1174
Vahuri,,6
Vaido,,227
Vaige,16,
Vaike,1991,
Vaiko,4,117
Vaile,5,
Vaili,8,
Vaima,22,
Vaino,,100
Vairi,7,
Vairo,,11
Vaive,6,
Valdar,,28
Valdek,,298
Valdeko,,197
Valdemar,,12
Valdik,,9
Valdis,,102
Valdo,,451
Valdu,,46
Valdur,,624
Valeeri,,30
Valentiina,15,
Valentin,,1228
Valentina,9354,
Valentine,62,4
Valentyna,124,
Valera,,6
Valeri,4,3506
Valeria,1235,4
Valerie,10,
Valerii,,97
Valeriia,44,
Valerij,,12
Valerija,331,
Valeriy,,667
Valeriya,99,
Valery,5,632
Valev,,139
Valja,14,
Valjo,,23
Valju,,24
Valle,10,18
Valli,323,
Vallo,,440
Vallot,,10
Vally,39,
Valmar,,187
Valmer,,17
Valmi,9,
Valmo,,11
Valner,,12
Valter,,626
Valve,1042,
Valvi,29,4
Vambo,,34
Vambola,,371
Vanda,108,
Vane,,9
Vanessa,277,
Vardo,,35
Varja,11,
Varje,258,
Varju,27,4
Varmo,,60
Varvara,449,
Vasil,,8
Vasili,,16
Vasilii,,29
Vasilina,31,
Vasilisa,101,
Vasiliy,,46
Vasily,,691
Vassili,,1397
Vassilisa,6,
Vassilissa,41,
Veelika,7,
Veeliks,,7
Veera,2618,
Veeve,20,
Veevo,,11
Veigo,,73
Veijo,,7
Veiki,,14
Veikko,,219
Veiko,,1565
Veili,5,
Veinika,6,
Veli,,42
Veljo,,505
Velli,117,
Vellika,5,
Vello,,2877
Vellu,,11
Velly,16,
Velta,20,
Velve,27,
Velvo,,32
Venera,49,
Veniamin,,152
Venno,,62
Veronika,2105,
Vera,1291,
Veranika,16,
Verena,7,
Vergo,,10
Verner,,142
Veronika,2105,
Veronica,102,
Veronika,2105,
Veroonika,94,
Vesse,,24
Vesta,78,
Veste,9,
Viacheslav,,126
Victor,,1785
Victoria,669,
Vidrik,,22
Vieno,8,4
Vigo,,5
Vihur,,7
Viia,142,
Viido,,18
Viigi,31,
Viire,76,
Viiu,170,
Viive,1074,
Viivi,815,
Viivian,26,
Viivika,240,
Vika,24,
Viktooria,22,
Viktor,,5957
Viktoria,3341,
Viktoriia,92,
Viktorija,474,
Viktoriya,168,
Vilge,15,
Vilho,,13
Vilija,5,
Vilja,184,
Viljam,,31
Viljar,,851
Viljo,,139
Ville,4,112
Villem,,393
Villi,,116
Villo,,21
Villu,,777
Villy,,27
Vilma,834,
Vilmar,,74
Vilnis,,5
Vilve,336,
Vilvi,27,
Vincent,,24
Vincenzo,,6
Vineta,5,
Viola,49,
Violeta,45,
Violetta,265,
Viorica,5,
Vira,56,
Virge,420,
Virginia,34,
Virginija,8,
Virgo,7,298
Virje,12,
Virkko,,12
Virko,,112
Virmo,,12
Virve,1834,
Vita,44,
Vitali,,2331
Vitalia,27,
Vitalii,,150
Vitalij,,5
Vitalina,31,
Vitaliy,,60
Vitaly,,475
Vitas,,10
Vivi,26,
Vivian,200,
Vivika,100,
Vizma,5,
Vjaceslavs,,7
Vjacheslav,,8
Vjatseslav,,12
Vjatšeslav,,2097
Vlad,,71
Vlada,121,
Vladas,,10
Vladilen,,13
Vladimer,,13
Vladimir,,11508
Vladislav,,2177
Vladislava,118,
Vladislavs,,20
Vladlen,4,57
Vladlena,51,
Vladyslav,,46
Vladımır,,11508
Voldemar,,590
Volha,19,
Volli,,120
Volodja,,7
Volodymyr,,321
Vootele,,59
Vsevolod,,148
Vyacheslav,,672
Vygantas,,5
Vytautas,,29
Väino,,1158
Välek,,8
Vööbe,7,
Walter,,27
Wanda,6,
Werner,,25
Wilhelm,,9
Willem,,21
Willi,,6
William,,93
Wolfgang,,12
Xenia,44,
Yakov,,14
Yan,4,36
Yana,170,
Yanina,43,
Yaroslav,,92
Yaroslava,18,
Yasmin,10,
Yegor,,5
Yekaterina,5,
Yelena,15,
Yevgenia,5,
Yevgeniy,,11
Yevhenii,,8
Yoko,8,
Yrjö,,9
Yulia,644,
Yuliia,36,
Yuliya,90,
Yuri,4,18
Yurii,,88
Yuriy,,62
Yury,,1695
Yusuf,,5
Yvonne,10,
Zahhar,,32
Zane,11,
Zanna,10,
Zara,9,
Zarema,5,
Zarina,26,
Zarjana,5,
Zaur,,5
Zaven,,5
Zaza,4,8
Zenta,7,
Zhanetta,8,
Zhanna,191,
Ziina,9,
Zina,8,
Zinaida,1943,
Zita,12,
Zlata,171,
Zoja,1007,
Zoltan,,8
Zoya,458,
Zsófia,6,
Zuhra,7,
Zulfia,8,
Zuzana,13,
Zuzanna,5,
Joel,,569
Oleg,,4890
Ädu,9,
Äli,22,4
Älis,73,
Änni,5,
Éva,5,
Õie,1491,
Õile,15,
Õilme,267,
Õnne,372,
Õnne-Liis,6,
Õnne-Ly,6,
Õnne-Mari,6,
Õnne-Mari,6,
Õnnela,108,
Õnneli,19,
Õnneliis,8,
Õnnely,13,
Õrne,22,
Ööle,5,
Ülar,,299
Ülari,,147
Ülla,133,
Üllar,,884
Üllas,,12
Ülle,4412,
Ülle-Mai,6,
Ülli,34,
Üllo,,18
Ülo,,2109
Ülve,18,
Ülvi,27,4
Üvi,11,
